From Type,From Name,Edge,To Type,To Name,Weight,Amount,Year
Private Sector Company,Deutsche Bank,Debt,Private Sector Company,Trump Holdings,1,,
Person,Jeff Sessions,Reports To,Person,Donald J Trump,1,,
Person,Jeff Sessions,Runs,Government Organization,Department of Justice,1,,
Person,Donald J Trump,Owner,Private Sector Company,Trump Holdings,1,,
Person,Donald J Trump,Direct Report,Person,Jeff Sessions,1,,
Government Organization,Department of Justice,Regulatory Action,Private Sector Company,Deutsche Bank,1,,
Private Sector Company,DynCorp,PAC Contribution,Person,John McCain,,"$1,000",1990
Private Sector Company,DynCorp,PAC Contribution,Person,John McCain,,"$1,000",1992
Private Sector Company,DynCorp,Campaign Contribution,Person,John McCain,,$450,1998
Private Sector Company,DynCorp,Campaign Contribution,Person,John McCain,,$400,2000
Private Sector Company,DynCorp International,Campaign Contribution,Person,John McCain,,"$2,500",2008
Private Sector Company,DynCorp International,PAC Contribution,Person,John McCain,,"$1,000",2010
Private Sector Company,DynCorp International,PAC Contribution,Person,Rob Portman,,"$1,000",2012
Private Sector Company,DynCorp International,PAC Contribution,Person,Tom Carper,,$500,2012
Private Sector Company,DynCorp International,PAC Contribution,Person,Ron Johnson,,$500,2012
Private Sector Company,DynCorp International,PAC Contribution,Person,Tom Carper,,"$1,660",2014
Private Sector Company,DynCorp International,PAC Contribution,Person,John McCain,,"$5,500",2016
Private Sector Company,DynCorp International,PAC Contribution,Person,Jon Tester,,"$1,000",2016
Private Sector Company,Dyncorp Aviation,Campaign Contribution,Person,Rand Paul,,$350,2016
Private Sector Company,DynCorp,Owns,Private Sector Company,DynCorp International,2,,
Private Sector Company,DynCorp,Owns,Private Sector Company,Dyncorp Aviation,2,,
Person,John F. Kelly,Advised,Private Sector Company,Dyncorp,,,
Private Sector Company,ExxonMobile,PAC Contribution,Person,Cory Booker,1,$500,
Private Sector Company,ExxonMobile,PAC Contribution,Person,Chris Coons,1,$250,
Private Sector Company,ExxonMobile,PAC Contribution,Person,Tim Kaine,1,"$1,250",
Private Sector Company,ExxonMobile,PAC Contribution,Person,Robert Menendez,1,"$3,900",
Private Sector Company,ExxonMobile,PAC Contribution,Person,Jeff Merkley,1,"$1,003",
Private Sector Company,ExxonMobile,PAC Contribution,Person,Jeanne Shaheen,1,"$2,000",
Private Sector Company,ExxonMobile,PAC Contribution,Person,Tom Udall,1,"$3,500",
Private Sector Company,ExxonMobile,PAC Contribution,Person,John Barrasso,1,"$25,000",
Private Sector Company,ExxonMobile,PAC Contribution,Person,Bob Corker,1,"$16,000",
Private Sector Company,ExxonMobile,PAC Contribution,Person,Jeff Flake,1,"$11,500",
Private Sector Company,ExxonMobile,PAC Contribution,Person,Cory Gardner,1,"$27,100",
Private Sector Company,ExxonMobile,PAC Contribution,Person,Johnny Isakson,1,"$23,000",
Private Sector Company,ExxonMobile,PAC Contribution,Person,Ron Johnson,1,"$15,835",
Private Sector Company,ExxonMobile,PAC Contribution,Person,Rand Paul,1,"$17,100",
Private Sector Company,ExxonMobile,PAC Contribution,Person,Rob Portman,1,"$20,666",
Private Sector Company,ExxonMobile,PAC Contribution,Person,James Risch,1,"$15,750",
Private Sector Company,ExxonMobile,PAC Contribution,Person,Marco Rubio,1,"$31,251",
Private Sector Company,ExxonMobile,PAC Contribution,Person,Todd Young,1,"$15,050",
Private Sector Company,Sullivan & Cromwell,PAC Contribution,Person,"Brown, Sherrod",1,"$6,550",
Private Sector Company,Sullivan & Cromwell,PAC Contribution,Person,Bob Corker,1,"$5,130",
Private Sector Company,Sullivan & Cromwell,PAC Contribution,Person,Tom Cotton,1,"$2,000",
Private Sector Company,Sullivan & Cromwell,PAC Contribution,Person,Mike Crapo,1,"$48,250",
Private Sector Company,Sullivan & Cromwell,PAC Contribution,Person,Joe Donnelly,1,"$6,500",
Private Sector Company,Sullivan & Cromwell,PAC Contribution,Person,Heidi Heitkamp,1,"$5,000",
Private Sector Company,Sullivan & Cromwell,PAC Contribution,Person,Catherine Cortez Masto,1,"$4,660",
Private Sector Company,Sullivan & Cromwell,PAC Contribution,Person,Robert Menendez,1,"$4,200",
Private Sector Company,Sullivan & Cromwell,PAC Contribution,Person,Jack Reed,1,"$7,000",
Private Sector Company,Sullivan & Cromwell,PAC Contribution,Person,Ben Sasse,1,"$2,000",
Private Sector Company,Sullivan & Cromwell,PAC Contribution,Person,Brian Schatz,1,"$5,700",
Private Sector Company,Sullivan & Cromwell,PAC Contribution,Person,Tim Scott,1,$500,
Private Sector Company,Sullivan & Cromwell,PAC Contribution,Person,Richard Shelby,1,"$72,000",
Private Sector Company,Sullivan & Cromwell,PAC Contribution,Person,Jon Tester,1,"$14,500",
Private Sector Company,Sullivan & Cromwell,PAC Contribution,Person,Thom Tillis,1,"$1,000",
Private Sector Company,Sullivan & Cromwell,PAC Contribution,Person,Pat Tommey,1,"$3,500",
Private Sector Company,Sullivan & Cromwell,PAC Contribution,Person,Chris Van Hollen,1,"$1,500",
Private Sector Company,Sullivan & Cromwell,PAC Contribution,Person,Mark Warner,1,"$46,400",
Private Sector Company,Sullivan & Cromwell,PAC Contribution,Person,Elizabeth Warren,1,"$10,015",
Person,Mitch McConnell,PAC Contribution,Person,Roy Blunt,1,"$20,000",
Person,Mitch McConnell,PAC Contribution,Person,Shelly Moore Capito,1,"$10,000",
Person,Mitch McConnell,PAC Contribution,Person,Ted Cruz,1,"$15,000",
Person,Mitch McConnell,PAC Contribution,Person,Deb Fischer,1,"$10,000",
Person,Mitch McConnell,PAC Contribution,Person,Cory Gardner,1,"$10,000",
Person,Mitch McConnell,PAC Contribution,Person,Dean Heller,1,"$15,000",
Person,Mitch McConnell,PAC Contribution,Person,James Inhofe,1,"$41,000",
Person,Mitch McConnell,PAC Contribution,Person,Ron Johnson,1,"$20,000",
Person,Mitch McConnell,PAC Contribution,Person,Jerry Moran,1,"$20,000",
Person,Mitch McConnell,PAC Contribution,Person,Dan Sullivan,1,"$10,000",
Person,Mitch McConnell,PAC Contribution,Person,John Thune,1,"$46,000",
Person,Mitch McConnell,PAC Contribution,Person,Roger Wicker,1,"$30,000",
Person,Mitch McConnell,PAC Contribution,Person,Todd Young,1,"$10,000",
Private Sector Company,Sullivan & Cromwell,Employs,Person,Jay Clayton,,,
Political Organization,"Donald Trump presidential campaign, 2016",Employs,Person,Steve Bannon,,,
Private Sector Company,Goldman Sachs,Employs,Person,Steve Bannon,,,
Government Organization,Unites States Navy,Employs,Person,Steve Bannon,,,
Private University,George Washington University,Employs,Person,Kellyanne Conway,,,
Private Sector Company,Goldman Sachs,Employs,Person,Steven Mnuchin,,,
Private Sector Company,ExxonMobil,Employs,Person,Rex W. Tillerson,,,
Private Sector Company,Sullivan & Cromwell,Employs,Person,Jay Clayton,,,
Person,Donald J. Trump,Nominated,Person,Elaine Chao,,,
Person,Donald J. Trump,Nominated,Person,Rex W. Tillerson,,,
Person,Donald J. Trump,Nominated,Person,Wilbur Ross,,,
Person,Donald J. Trump,Nominated,Person,James Mattis,,,
Person,Donald J. Trump,Nominated,Person,Betsy DeVos,,,
Person,Donald J. Trump,Nominated,Person,Rick Perry,,,
Person,Donald J. Trump,Nominated,Person,Tom Price,,,
Person,Donald J. Trump,Nominated,Person,John F. Kelly,,,
Person,Donald J. Trump,Nominated,Person,Ben Carson,,,
Person,Donald J. Trump,Nominated,Person,Jeff Sessions,,,
Person,Donald J. Trump,Nominated,Person,Andrew Puzder,,,
Person,Donald J. Trump,Nominated,Person,David Shulkin,,,
Person,Donald J. Trump,Nominated,Person,Ryan Zinke,,,
Person,Donald J. Trump,Nominated,Person,Steve Mnuchin,,,
Person,Donald J. Trump,Nominated,Person,Mick Mulvaney,,,
Person,Donald J. Trump,Nominated,Person,Linda McMahon,,,
Person,Donald J. Trump,Nominated,Person,Michael Pompeo,,,
Person,Donald J. Trump,Nominated,Person,Dan Coats,,,
Person,Donald J. Trump,Nominated,Person,Jay Clayton,,,
Person,Donald J. Trump,Nominated,Person,Gary Cohn,,,
Person,Donald J. Trump,Nominated,Person,Terry Branstad,,,
Person,Donald J. Trump,Nominated,Person,David Friedman,,,
Person,Elaine Chao,Married,Person,Mitch McConnell,2,,
Person,Rex W. Tillerson,Nominee,Cabinet Position,Secretary of State,,,
Person,Wilbur Ross,Nominee,Cabinet Position,Secretary of Commerce,,,
Person,James Mattis,Nominee,Cabinet Position,Secretary of Defense,,,
Person,Betsy DeVos,Nominee,Cabinet Position,Secretary of Education,,,
Person,Rick Perry,Nominee,Cabinet Position,Secretary of Energy,,,
Person,Tom Price,Nominee,Cabinet Position,Secretary of Health and Human Services,,,
Person,John F. Kelly,Nominee,Cabinet Position,Secretary of Homeland Security,,,
Person,Ben Carson,Nominee,Cabinet Position,Secretary of Housing and Urban Development,,,
Person,Jeff Sessions,Nominee,Cabinet Position,Attorney General,,,
Person,Andrew Puzder,Nominee,Cabinet Position,Secretary of Labor,,,
Person,Elaine Chao,Nominee,Cabinet Position,Secretary of Transportation,,,
Person,David Shulkin,Nominee,Cabinet Position,Secretary of Veterans Affairs,,,
Person,Ryan Zinke,Nominee,Cabinet Position,Secretary of the Interior,,,
Person,Steve Mnuchin,Nominee,Cabinet Position,Secretary of the Treasury,,,
Person,Mick Mulvaney,Nominee,Cabinet Position,OMB Director,,,
Person,Scott Pruitt,Nominee,Cabinet Position,EPA Administrator,,,
Person,Linda McMahon,Nominee,Cabinet Position,SBA Administrator,,,
Person,Michael Pompeo,Nominee,Cabinet Position,CIA Director,,,
Person,Dan Coats,Nominee,Cabinet Position,Director of National Intelligence,,,
Person,Jay Clayton,Nominee,Cabinet Position,SEC Chairman,,,
Person,Gary Cohn,Nominee,Cabinet Position,NEC Director,,,
Person,Terry Branstad,Nominee,Ambassador,China,,,
Person,David Friedman,Nominee,Ambassador,Israel,,,
Senate Committee,SSAF,Confirms Nominee,Cabinet Position,Secretary of Agriculture,,,
Senate Committee,SSAS,Confirms Nominee,Cabinet Position,Secretary of Defense,,,
Senate Committee,SSBK,Confirms Nominee,Cabinet Position,Secretary of Housing and Urban Development,,,
Senate Committee,SSCM,Confirms Nominee,Cabinet Position,Secretary of Commerce,,,
Senate Committee,SSCM,Confirms Nominee,Cabinet Position,Secretary of Transportation,,,
Senate Committee,SSCM,Confirms Nominee,Cabinet Position,FCC Chairman,,,
Senate Committee,SSEG,Confirms Nominee,Cabinet Position,Secretary of Energy,,,
Senate Committee,SSEG,Confirms Nominee,Cabinet Position,Secretary of the Interior,,,
Senate Committee,SSEG,Confirms Nominee,Cabinet Position,EPA Director,,,
Senate Committee,SSFI,Confirms Nominee,Cabinet Position,Secretary of the Treasury,,,
Senate Committee,SSFR,Confirms Nominee,Cabinet Position,Secretary of State,,,
Senate Committee,SSHR,Confirms Nominee,Cabinet Position,Secretary of Health and Human Services,,,
Senate Committee,SSHR,Confirms Nominee,Cabinet Position,Secretary of Education,,,
Senate Committee,SSHR,Confirms Nominee,Cabinet Position,Secretary of Labor,,,
Senate Committee,SSHR,Confirms Nominee,Cabinet Position,FDA Commissioner,,,
Senate Committee,SSGA,Confirms Nominee,Cabinet Position,Secretary of Homeland Security,,,
Senate Committee,SSJU,Confirms Nominee,Cabinet Position,Attorney General,,,
Senate Committee,SSSB,Confirms Nominee,Cabinet Position,SBA Administrator,,,
Senate Committee,SSVA,Confirms Nominee,Cabinet Position,Secretary of Veterans Affairs,,,
Senate Committee,SLIN,Confirms Nominee,Cabinet Position,Director of National Intelligence,,,
Senate Committee,SLIN,Confirms Nominee,Cabinet Position,CIA Director,,,
Senate Committee,SSFR,Confirms Nominee,Ambassador,China,,,
Senate Committee,SSFR,Confirms Nominee,Ambassador,Israel,,,
Government Organization,National Aeronautics and Space Administration,Employs,Person,Bill Nelson,1,,
Private University,Hamilton College,Employs,Person,Bernard Sanders,1,,
Private University,Harvard Kennedy School,Employs,Person,Bernard Sanders,1,,
Private University,Harvard University,Employs,Person,Lamar Alexander,1,,
Private University,Harvard University,Employs,Person,Jeanne Shaheen,1,,
Public University,Wayne State University,Employs,Person,Gary C. Peters,1,,
Public University,Florida International University,Employs,Person,Marco Rubio,1,,
Public University,University of Houston,Employs,Person,Elizabeth Warren,1,,
Private University,Harvard University,Employs,Person,Elizabeth Warren,1,,
Private University,Bowdoin College,Employs,Person,"Angus S. King, Jr.",1,,
Private University,University of Richmond School of Law,Employs,Person,Tim Kaine,1,,
Private Sector Company,IBM,Employs,Person,Thom Tillis,1,,
Person,Terry Branstad,Campaign Contribution,Person,Steven King,1,"$2,990",
Person,Terry Branstad,Campaign Contribution,Person,Tom Latham,1,"$2,500",
Person,Terry Branstad,Campaign Contribution,Person,Jeffery Lamberti,1,"$1,500",
Person,Terry Branstad,Campaign Contribution,Person,Chuck Grassley,1,"$1,250",
Person,Terry Branstad,Campaign Contribution,Person,Ben Nelson,1,"$1,250",
Person,Terry Branstad,Campaign Contribution,Person,Lamar Alexander,1,"$1,000",
Person,Ben Carson,Campaign Contribution,Person,Monica Wehby,1,"$3,000",
Person,Ben Carson,Campaign Contribution,Person,Mitt Romney,1,"$2,000",
Person,Ben Carson,Campaign Contribution,Person,Steve Forbes,1,"$1,000",
Person,Ben Carson,Campaign Contribution,Person,David Thomas,1,$800,
Person,Ben Carson,Campaign Contribution,Person,Roscoe Bartlett,1,$250,
Person,Ben Carson,Campaign Contribution,Person,Peter Beilenson,1,$250,
Person,Elaine Chao,Campaign Contribution,Person,Rand Paul,1,"$20,800",
Person,Elaine Chao,Campaign Contribution,Person,Mitch McConnell,1,"$12,500",
Person,Elaine Chao,Campaign Contribution,Person,George W. Bush,1,"$9,000",
Person,Elaine Chao,Campaign Contribution,Person,Johnny Isakson,1,"$4,000",
Person,Elaine Chao,Campaign Contribution,Person,David Vitter,1,"$4,000",
Person,Elaine Chao,Campaign Contribution,Person,Jeff Sessions,1,"$1,000",
Person,Jay Clayton,Campaign Contribution,Person,Shelly Moore Caputo,1,"$3,000",
Person,Jay Clayton,Campaign Contribution,Person,Ted Cruz,1,"$3,000",
Person,Jay Clayton,Campaign Contribution,Person,Mitt Romney,1,"$3,000",
Person,Jay Clayton,Campaign Contribution,Person,Jeb Bush,1,"$2,700",
Person,Jay Clayton,Campaign Contribution,Person,Josh Mandel,1,"$2,000",
Person,Jay Clayton,Campaign Contribution,Person,Richard Shelby,1,"$2,000",
Person,Jay Clayton,Campaign Contribution,Person,Jim Himes,1,"$1,500",
Person,Jay Clayton,Campaign Contribution,Person,Rob Portman,1,"$1,500",
Person,Jay Clayton,Campaign Contribution,Person,Cory Booker,1,"$1,000",
Person,Jay Clayton,Campaign Contribution,Person,Mike Crapo,1,"$1,000",
Person,Jay Clayton,Campaign Contribution,Person,Mike Lee,1,"$1,000",
Person,Jay Clayton,Campaign Contribution,Person,Charles Schumer,1,"$1,000",
Person,Jay Clayton,Campaign Contribution,Person,Mark Warner,1,"$1,000",
Person,Jay Clayton,Campaign Contribution,Person,Michael Bennet,1,$500,
Person,Gary Cohn,Campaign Contribution,Person,Hillary Clinton,1,"$18,950",
Person,Gary Cohn,Campaign Contribution,Person,Eric Cantor,1,"$17,401",
Person,Gary Cohn,Campaign Contribution,Person,Jon Corzine,1,"$15,000",
Person,Gary Cohn,Campaign Contribution,Person,Kevin McCarthy,1,"$10,400",
Person,Gary Cohn,Campaign Contribution,Person,John Cornyn,1,"$10,000",
Person,Gary Cohn,Campaign Contribution,Person,Jeb Hensarling,1,"$10,000",
Person,Betsy DeVoes,Campaign Contribution,Person,Monica Wehby,1,"$112,600",
Person,Betsy DeVoes,Campaign Contribution,Person,Marco Rubio,1,"$60,500",
Person,Betsy DeVoes,Campaign Contribution,Person,Justin Amash,1,"$18,700",
Person,Betsy DeVoes,Campaign Contribution,Person,Tim Walberg,1,"$17,500",
Person,Betsy DeVoes,Campaign Contribution,Person,Dan Benishek,1,"$12,500",
Person,Betsy DeVoes,Campaign Contribution,Person,Bill Huizenga,1,"$12,500",
Person,Betsy DeVoes,Campaign Contribution,Person,John McCain,1,"$10,600",
Person,Betsy DeVoes,Campaign Contribution,Person,Bill Cassidy,1,"$7,800",
Person,Betsy DeVoes,Campaign Contribution,Person,Ron Johnson,1,"$7,800",
Person,Betsy DeVoes,Campaign Contribution,Person,Rob Portman,1,"$7,800",
Person,Betsy DeVoes,Campaign Contribution,Person,Pat Toomey,1,"$7,800",
Person,Betsy DeVoes,Campaign Contribution,Person,Tim Scott,1,"$7,400",
Person,Betsy DeVoes,Campaign Contribution,Person,Roy Blunt,1,"$6,100",
Person,Betsy DeVoes,Campaign Contribution,Person,Richard Burr,1,"$5,400",
Person,Betsy DeVoes,Campaign Contribution,Person,Chuck Grassley,1,"$5,400",
Person,Betsy DeVoes,Campaign Contribution,Person,Lisa Murkowski,1,"$5,400",
Person,Betsy DeVoes,Campaign Contribution,Person,Todd Young,1,"$5,400",
Person,Betsy DeVoes,Campaign Contribution,Person,Steven Daines,1,"$5,200",
Person,Betsy DeVoes,Campaign Contribution,Person,Cory Gardner,1,"$5,200",
Person,Betsy DeVoes,Campaign Contribution,Person,Thom Tillis,1,"$5,200",
Person,Betsy DeVoes,Campaign Contribution,Person,Mitch McConnell,1,"$3,600",
Person,Betsy DeVoes,Campaign Contribution,Person,John Thune,1,"$3,000",
Person,Betsy DeVoes,Campaign Contribution,Person,Tom Cotton,1,"$2,600",
Person,Betsy DeVoes,Campaign Contribution,Person,Dan Sullivan,1,"$2,600",
Person,Betsy DeVoes,Campaign Contribution,Person,Dan Coats,1,"$2,500",
Person,Betsy DeVoes,Married,Person,Richard DeVoes,1,,
Person,Richard DeVoes,Campaign Contribution,Person,Marco Rubio,1,"$365,500",
Person,Richard DeVoes,Campaign Contribution,Person,Monica Wehby,1,"$105,200",
Person,Richard DeVoes,Campaign Contribution,Person,Justin Amash,1,"$54,175",
Person,Richard DeVoes,Campaign Contribution,Person,Bill Huizenga,1,"$27,550",
Person,Richard DeVoes,Campaign Contribution,Person,Paul Ryan,1,"$22,400",
Person,Richard DeVoes,Campaign Contribution,Person,Pat Toomey,1,"$15,600",
Person,Richard DeVoes,Campaign Contribution,Person,Rob Portman,1,"$13,200",
Person,Richard DeVoes,Campaign Contribution,Person,Thom Tillis,1,"$13,000",
Person,Richard DeVoes,Campaign Contribution,Person,Richard Burr,1,"$10,800",
Person,Richard DeVoes,Campaign Contribution,Person,Chuck Grassley,1,"$10,800",
Person,Richard DeVoes,Campaign Contribution,Person,Ron Johnson,1,"$10,800",
Person,Richard DeVoes,Campaign Contribution,Person,John McCain,1,"$10,600",
Person,Richard DeVoes,Campaign Contribution,Person,Cory Gardner,1,"$10,400",
Person,Richard DeVoes,Campaign Contribution,Person,Roy Blunt,1,"$7,800",
Person,Richard DeVoes,Campaign Contribution,Person,Bill Cassidy,1,"$7,800",
Person,Richard DeVoes,Campaign Contribution,Person,Lisa Murkowski,1,"$5,400",
Person,Richard DeVoes,Campaign Contribution,Person,Tim Scott,1,"$5,400",
Person,Richard DeVoes,Campaign Contribution,Person,Tom Cotton,1,"$5,200",
Person,Richard DeVoes,Campaign Contribution,Person,Steven Daines,1,"$5,200",
Person,Richard DeVoes,Campaign Contribution,Person,David Perdue,1,"$5,200",
Person,Richard DeVoes,Campaign Contribution,Person,Mitch McConnell,1,"$3,900",
Person,Richard DeVoes,Campaign Contribution,Person,John Thune,1,"$3,000",
Person,Richard DeVoes,Campaign Contribution,Person,Dan Sullivan,1,"$2,600",
Person,Richard DeVoes,Campaign Contribution,Person,Dan Coats,1,"$1,131",
Person,David Friedman,Campaign Contribution,Person,Tom DeLay,1,"$19,000",
Person,David Friedman,Campaign Contribution,Person,Charles Schumer,1,"$14,800",
Person,David Friedman,Campaign Contribution,Person,Rudolph Giuliani,1,"$9,600",
Person,David Friedman,Campaign Contribution,Person,Tom Daschle,1,"$8,000",
Person,David Friedman,Campaign Contribution,Person,Peter Deutsch,1,"$8,000",
Person,David Friedman,Campaign Contribution,Person,Harry Reid,1,"$4,800",
Person,David Friedman,Campaign Contribution,Person,Robert Menendez,1,"$2,100",
Person,David Friedman,Campaign Contribution,Person,John McCain,1,"$2,000",
Person,David Friedman,Campaign Contribution,Person,Mitch McConnell,1,"$2,000",
Person,Linda McMahon,Campaign Contribution,Person,Rob Portman,1,"$360,800",
Person,Linda McMahon,Campaign Contribution,Person,Joni Ernst,1,"$102,700",
Person,Linda McMahon,Campaign Contribution,Person,Mitch McConnell,1,"$15,000",
Person,Linda McMahon,Campaign Contribution,Person,Mark Warner,1,"$13,300",
Person,Linda McMahon,Campaign Contribution,Person,Tom Cotton,1,"$13,100",
Person,Linda McMahon,Campaign Contribution,Person,Richard Burr,1,"$10,800",
Person,Linda McMahon,Campaign Contribution,Person,John McCain,1,"$10,800",
Person,Linda McMahon,Campaign Contribution,Person,Marco Rubio,1,"$10,800",
Person,Linda McMahon,Campaign Contribution,Person,Bill Cassidy,1,"$10,400",
Person,Linda McMahon,Campaign Contribution,Person,Susan Collins,1,"$10,400",
Person,Linda McMahon,Campaign Contribution,Person,Steven Daines,1,"$10,400",
Person,Linda McMahon,Campaign Contribution,Person,Dan Sullivan,1,"$10,400",
Person,Linda McMahon,Campaign Contribution,Person,Thom Tillis,1,"$10,400",
Person,Linda McMahon,Campaign Contribution,Person,Lisa Murkowski,1,"$8,100",
Person,Linda McMahon,Campaign Contribution,Person,Roy Blunt,1,"$5,400",
Person,Linda McMahon,Campaign Contribution,Person,Ron Johnson,1,"$5,400",
Person,Linda McMahon,Campaign Contribution,Person,Pat Toomey,1,"$5,400",
Person,Linda McMahon,Campaign Contribution,Person,Todd Young,1,"$5,400",
Person,Linda McMahon,Campaign Contribution,Person,John Cornyn,1,"$5,200",
Person,Linda McMahon,Campaign Contribution,Person,Cory Gardner,1,"$5,200",
Person,Linda McMahon,Campaign Contribution,Person,Ben Sasse,1,"$5,200",
Person,Linda McMahon,Campaign Contribution,Person,Tim Scott,1,"$5,200",
Person,Linda McMahon,Campaign Contribution,Person,John Thune,1,"$3,000",
Person,Linda McMahon,Campaign Contribution,Person,Chuck Grassley,1,"$2,700",
Person,Linda McMahon,Campaign Contribution,Person,Rand Paul,1,"$2,700",
Person,Linda McMahon,Campaign Contribution,Person,David Perdue,1,"$2,600",
Person,Linda McMahon,Campaign Contribution,Person,Donald Trump,1,"$6,002,700",
Person,Linda McMahon,Campaign Contribution,Person,Chris Christie,1,"$565,400",
Person,Linda McMahon,Campaign Contribution,Person,Mitt Romney,1,"$160,000",
Person,Linda McMahon,Campaign Contribution,Person,Joni Ernst,1,"$102,700",
Person,Steven Mnuchin,Campaign Contribution,Person,Hillary Clinton,1,"$13,400",
Person,Steven Mnuchin,Campaign Contribution,Person,Michael Wildes,1,"$13,400",
Person,Steven Mnuchin,Campaign Contribution,Person,Mitt Romney,1,"$9,800",
Person,Steven Mnuchin,Campaign Contribution,Person,Paul Ryan,1,"$5,400",
Person,Steven Mnuchin,Campaign Contribution,Person,Donald Trump,1,"$5,400",
Person,Steven Mnuchin,Campaign Contribution,Person,Charles Schumer,1,"$2,500",
Person,Steven Mnuchin,Campaign Contribution,Person,Kamala Harris,1,"$2,000",
Person,Steven Mnuchin,Campaign Contribution,Person,Maria Cantwell,1,"$1,000",
Person,Mick Mulvaney,Campaign Contribution,Person,Jeff Landry,1,"$7,500",
Person,Mick Mulvaney,Campaign Contribution,Person,Steve Fincher,1,"$2,400",
Person,Mick Mulvaney,Campaign Contribution,Person,Lindsey Graham,1,"$2,000",
Person,Mick Mulvaney,Campaign Contribution,Person,Virginia Foxx,1,"$1,500",
Person,Mick Mulvaney,Campaign Contribution,Person,Ralph Norman,1,"$1,000",
Person,Mick Mulvaney,Campaign Contribution,Person,Johnny Isakson,1,$200,
Person,Mike Pompeo,Campaign Contribution,Person,Pat Roberts,1,"$4,850",
Person,Mike Pompeo,Campaign Contribution,Person,Todd Tiahrt,1,"$3,000",
Person,Mike Pompeo,Campaign Contribution,Person,Sam Brownback,1,"$2,000",
Person,Mike Pompeo,Campaign Contribution,Person,George W. Bush,1,"$1,000",
Person,Mike Pompeo,Campaign Contribution,Person,Nick Jordan,1,"$1,000",
Person,Mike Pompeo,Campaign Contribution,Person,Marco Rubio,1,$523,
Person,Mike Pompeo,Campaign Contribution,Person,Jerry Moran,1,$250,
Person,Tom Price,Campaign Contribution,Person,Newt Gingrich,1,"$5,800",
Person,Tom Price,Campaign Contribution,Person,Phil Gingrey,1,"$4,000",
Person,Tom Price,Campaign Contribution,Person,Paul Coverdell,1,"$2,500",
Person,Tom Price,Campaign Contribution,Person,Judy Biggert,1,"$2,000",
Person,Tom Price,Campaign Contribution,Person,George W. Bush,1,"$2,000",
Person,Tom Price,Campaign Contribution,Person,Karen Handel,1,"$2,000",
Person,Tom Price,Campaign Contribution,Person,Johnny Isakson,1,$200,
Person,Andrew Puzder,Campaign Contribution,Person,Mitt Romney,1,"$149,600",
Person,Andrew Puzder,Campaign Contribution,Person,Ted Cruz,1,"$32,400",
Person,Andrew Puzder,Campaign Contribution,Person,Marco Rubio,1,"$30,600",
Person,Andrew Puzder,Campaign Contribution,Person,Kevin McCarthy,1,"$27,400",
Person,Andrew Puzder,Campaign Contribution,Person,Carly Fiorina,1,"$22,300",
Person,Andrew Puzder,Campaign Contribution,Person,Roy Blunt,1,"$20,400",
Person,Andrew Puzder,Campaign Contribution,Person,Joni Ernst,1,"$18,100",
Person,Andrew Puzder,Campaign Contribution,Person,Cory Gardner,1,"$7,800",
Person,Andrew Puzder,Campaign Contribution,Person,John McCain,1,"$7,300",
Person,Andrew Puzder,Campaign Contribution,Person,Rob Portman,1,"$5,400",
Person,Andrew Puzder,Campaign Contribution,Person,Dianne Feinstein,1,"$5,359",
Person,Andrew Puzder,Campaign Contribution,Person,John Cornyn,1,"$5,200",
Person,Andrew Puzder,Campaign Contribution,Person,Mitch McConnell,1,"$5,200",
Person,Andrew Puzder,Campaign Contribution,Person,John Boozman,1,"$2,700",
Person,Andrew Puzder,Campaign Contribution,Person,David Perdue,1,"$2,600",
Person,Andrew Puzder,Campaign Contribution,Person,Thom Tillis,1,"$2,600",
Person,Andrew Puzder,Campaign Contribution,Person,Jeff Flake,1,"$2,000",
Person,Andrew Puzder,Campaign Contribution,Person,John Thune,1,"$2,000",
Person,Andrew Puzder,Campaign Contribution,Person,Orrin Hatch,1,"$1,000",
Person,Andrew Puzder,Campaign Contribution,Person,Tim Scott,1,"$1,000",
Person,Wilbur Ross,Campaign Contribution,Person,Mitt Romney,1,"$110,000",
Person,Wilbur Ross,Campaign Contribution,Person,Marco Rubio,1,"$25,000",
Person,Wilbur Ross,Campaign Contribution,Person,John Boehner,1,"$15,600",
Person,Wilbur Ross,Campaign Contribution,Person,Mitch McConnell,1,"$15,200",
Person,Wilbur Ross,Campaign Contribution,Person,Donald Trump,1,"$5,400",
Person,Wilbur Ross,Campaign Contribution,Person,John McCain,1,"$5,000",
Person,Wilbur Ross,Campaign Contribution,Person,Debbie Stabenow,1,"$5,000",
Person,Wilbur Ross,Campaign Contribution,Person,Bill Nelson,1,"$4,800",
Person,Wilbur Ross,Campaign Contribution,Person,Bill Cassidy,1,"$2,600",
Person,Wilbur Ross,Campaign Contribution,Person,John Cornyn,1,"$2,500",
Person,Wilbur Ross,Campaign Contribution,Person,Charles Schumer,1,"$2,000",
Person,Rex Tillerson,Campaign Contribution,Person,Mitt Romney,1,"$10,000",
Person,Rex Tillerson,Campaign Contribution,Person,Roy Blunt,1,"$7,800",
Person,Rex Tillerson,Campaign Contribution,Person,Jeb Bush,1,"$7,700",
Person,Rex Tillerson,Campaign Contribution,Person,John Cornyn,1,"$7,200",
Person,Rex Tillerson,Campaign Contribution,Person,Mitch McConnell,1,"$6,700",
Person,Rex Tillerson,Campaign Contribution,Person,John Barrasso,1,"$2,500",
Person,Rex Tillerson,Campaign Contribution,Person,Cory Gardner,1,"$1,000",
Person,Rex Tillerson,Campaign Contribution,Person,Lisa Murkowski,1,"$1,000",
Person,Jeff Sessions,Campaign Contribution,Person,John Cornyn,1,"$17,500",
Person,Jeff Sessions,Campaign Contribution,Person,Mike Crapo,1,"$17,500",
Person,Jeff Sessions,Campaign Contribution,Person,Jeff Flake,1,"$5,000",
Person,Jeff Sessions,Campaign Contribution,Person,Lindsey Graham,1,"$15,000",
Person,Jeff Sessions,Campaign Contribution,Person,Chuck Grassley,1,"$17,500",
Person,Jeff Sessions,Campaign Contribution,Person,Orrin G Hatch,1,"$10,000",
Person,Jeff Sessions,Campaign Contribution,Person,Mike Lee,1,"$2,500",
Person,Jeff Sessions,Campaign Contribution,Person,Thom Tillis,1,"$5,000",
Person,Devin Nunes,Member,House Committee,HLIG,1,,
Person,K. Michael Conaway,Member,House Committee,HLIG,1,,
Person,Peter T. King,Member,House Committee,HLIG,1,,
Person,Frank A. LoBiondo,Member,House Committee,HLIG,1,,
Person,Thomas J. Rooney,Member,House Committee,HLIG,1,,
Person,Mike Pompeo,Member,House Committee,HLIG,1,,
Person,Ileana Ros-Lehtinen,Member,House Committee,HLIG,1,,
Person,Michael R. Turner,Member,House Committee,HLIG,1,,
Person,Brad R. Wenstrup,Member,House Committee,HLIG,1,,
Person,Chris Stewart,Member,House Committee,HLIG,1,,
Person,Adam B. Schiff,Member,House Committee,HLIG,1,,
Person,James A. Himes,Member,House Committee,HLIG,1,,
Person,Terri A. Sewell,Member,House Committee,HLIG,1,,
Person,André Carson,Member,House Committee,HLIG,1,,
Person,Jackie Speier,Member,House Committee,HLIG,1,,
Person,Mike Quigley,Member,House Committee,HLIG,1,,
Person,Eric Swalwell,Member,House Committee,HLIG,1,,
Person,Joaquin Castro,Member,House Committee,HLIG,1,,
Person,Trey Gowdy,Member,House Committee,HLZI,1,,
Person,Jim Jordan,Member,House Committee,HLZI,1,,
Person,Peter J. Roskam,Member,House Committee,HLZI,1,,
Person,Mike Pompeo,Member,House Committee,HLZI,1,,
Person,Martha Roby,Member,House Committee,HLZI,1,,
Person,Susan W. Brooks,Member,House Committee,HLZI,1,,
Person,Elijah E. Cummings,Member,House Committee,HLZI,1,,
Person,Adam Smith,Member,House Committee,HLZI,1,,
Person,Adam B. Schiff,Member,House Committee,HLZI,1,,
Person,Linda T. Sánchez,Member,House Committee,HLZI,1,,
Person,Tammy Duckworth,Member,House Committee,HLZI,1,,
Person,K. Michael Conaway,Member,House Committee,HSAG,1,,
Person,Bob Goodlatte,Member,House Committee,HSAG,1,,
Person,Frank D. Lucas,Member,House Committee,HSAG,1,,
Person,Steve King,Member,House Committee,HSAG,1,,
Person,Mike Rogers,Member,House Committee,HSAG,1,,
Person,Glenn Thompson,Member,House Committee,HSAG,1,,
Person,Bob Gibbs,Member,House Committee,HSAG,1,,
Person,Austin Scott,Member,House Committee,HSAG,1,,
Person,"Eric A. ""Rick"" Crawford",Member,House Committee,HSAG,1,,
Person,Scott DesJarlais,Member,House Committee,HSAG,1,,
Person,Vicky Hartzler,Member,House Committee,HSAG,1,,
Person,Jeff Denham,Member,House Committee,HSAG,1,,
Person,Doug LaMalfa,Member,House Committee,HSAG,1,,
Person,Rodney Davis,Member,House Committee,HSAG,1,,
Person,Ted S. Yoho,Member,House Committee,HSAG,1,,
Person,Jackie Walorski,Member,House Committee,HSAG,1,,
Person,Rick W. Allen,Member,House Committee,HSAG,1,,
Person,Mike Bost,Member,House Committee,HSAG,1,,
Person,David Rouzer,Member,House Committee,HSAG,1,,
Person,Ralph Lee Abraham,Member,House Committee,HSAG,1,,
Person,John R. Moolenaar,Member,House Committee,HSAG,1,,
Person,Dan Newhouse,Member,House Committee,HSAG,1,,
Person,Trent Kelly,Member,House Committee,HSAG,1,,
Person,Collin C. Peterson,Member,House Committee,HSAG,1,,
Person,David Scott,Member,House Committee,HSAG,1,,
Person,Jim Costa,Member,House Committee,HSAG,1,,
Person,Timothy J. Walz,Member,House Committee,HSAG,1,,
Person,Marcia L. Fudge,Member,House Committee,HSAG,1,,
Person,James P. McGovern,Member,House Committee,HSAG,1,,
Person,Suzan K. DelBene,Member,House Committee,HSAG,1,,
Person,Filemon Vela,Member,House Committee,HSAG,1,,
Person,Michelle Lujan Grisham,Member,House Committee,HSAG,1,,
Person,Ann M. Kuster,Member,House Committee,HSAG,1,,
Person,Richard M. Nolan,Member,House Committee,HSAG,1,,
Person,Cheri Bustos,Member,House Committee,HSAG,1,,
Person,Sean Patrick Maloney,Member,House Committee,HSAG,1,,
Person,Pete Aguilar,Member,House Committee,HSAG,1,,
Person,Stacey E. Plaskett,Member,House Committee,HSAG,1,,
Person,Alma S. Adams,Member,House Committee,HSAG,1,,
Person,Harold Rogers,Member,House Committee,HSAP,1,,
Person,Rodney P. Frelinghuysen,Member,House Committee,HSAP,1,,
Person,Robert B. Aderholt,Member,House Committee,HSAP,1,,
Person,Kay Granger,Member,House Committee,HSAP,1,,
Person,Michael K. Simpson,Member,House Committee,HSAP,1,,
Person,John Abney Culberson,Member,House Committee,HSAP,1,,
Person,John R. Carter,Member,House Committee,HSAP,1,,
Person,Ken Calvert,Member,House Committee,HSAP,1,,
Person,Tom Cole,Member,House Committee,HSAP,1,,
Person,Mario Diaz-Balart,Member,House Committee,HSAP,1,,
Person,Charles W. Dent,Member,House Committee,HSAP,1,,
Person,Tom Graves,Member,House Committee,HSAP,1,,
Person,Kevin Yoder,Member,House Committee,HSAP,1,,
Person,Steve Womack,Member,House Committee,HSAP,1,,
Person,Jeff Fortenberry,Member,House Committee,HSAP,1,,
Person,Thomas J. Rooney,Member,House Committee,HSAP,1,,
Person,"Charles J. ""Chuck"" Fleischmann",Member,House Committee,HSAP,1,,
Person,Jaime Herrera Beutler,Member,House Committee,HSAP,1,,
Person,David P. Joyce,Member,House Committee,HSAP,1,,
Person,David G. Valadao,Member,House Committee,HSAP,1,,
Person,Andy Harris,Member,House Committee,HSAP,1,,
Person,Martha Roby,Member,House Committee,HSAP,1,,
Person,Mark E. Amodei,Member,House Committee,HSAP,1,,
Person,Chris Stewart,Member,House Committee,HSAP,1,,
Person,David Young,Member,House Committee,HSAP,1,,
Person,Evan H. Jenkins,Member,House Committee,HSAP,1,,
Person,Steven M. Palazzo,Member,House Committee,HSAP,1,,
Person,Nita M. Lowey,Member,House Committee,HSAP,1,,
Person,Marcy Kaptur,Member,House Committee,HSAP,1,,
Person,Peter J. Visclosky,Member,House Committee,HSAP,1,,
Person,José E. Serrano,Member,House Committee,HSAP,1,,
Person,Rosa L. DeLauro,Member,House Committee,HSAP,1,,
Person,David E. Price,Member,House Committee,HSAP,1,,
Person,Lucille Roybal-Allard,Member,House Committee,HSAP,1,,
Person,Sanford D. Bishop Jr.,Member,House Committee,HSAP,1,,
Person,Barbara Lee,Member,House Committee,HSAP,1,,
Person,Betty McCollum,Member,House Committee,HSAP,1,,
Person,Tim Ryan,Member,House Committee,HSAP,1,,
Person,C. A. Dutch Ruppersberger,Member,House Committee,HSAP,1,,
Person,Debbie Wasserman Schultz,Member,House Committee,HSAP,1,,
Person,Henry Cuellar,Member,House Committee,HSAP,1,,
Person,Chellie Pingree,Member,House Committee,HSAP,1,,
Person,Mike Quigley,Member,House Committee,HSAP,1,,
Person,Derek Kilmer,Member,House Committee,HSAP,1,,
Person,Matt Cartwright,Member,House Committee,HSAP,1,,
Person,Mac Thornberry,Member,House Committee,HSAS,1,,
Person,Walter B. Jones,Member,House Committee,HSAS,1,,
Person,Joe Wilson,Member,House Committee,HSAS,1,,
Person,Frank A. LoBiondo,Member,House Committee,HSAS,1,,
Person,Rob Bishop,Member,House Committee,HSAS,1,,
Person,Michael R. Turner,Member,House Committee,HSAS,1,,
Person,Mike Rogers,Member,House Committee,HSAS,1,,
Person,Trent Franks,Member,House Committee,HSAS,1,,
Person,Bill Shuster,Member,House Committee,HSAS,1,,
Person,K. Michael Conaway,Member,House Committee,HSAS,1,,
Person,Doug Lamborn,Member,House Committee,HSAS,1,,
Person,Robert J. Wittman,Member,House Committee,HSAS,1,,
Person,Duncan Hunter,Member,House Committee,HSAS,1,,
Person,Mike Coffman,Member,House Committee,HSAS,1,,
Person,Vicky Hartzler,Member,House Committee,HSAS,1,,
Person,Austin Scott,Member,House Committee,HSAS,1,,
Person,Mo Brooks,Member,House Committee,HSAS,1,,
Person,Paul Cook,Member,House Committee,HSAS,1,,
Person,Jim Bridenstine,Member,House Committee,HSAS,1,,
Person,Brad R. Wenstrup,Member,House Committee,HSAS,1,,
Person,Jackie Walorski,Member,House Committee,HSAS,1,,
Person,Bradley Byrne,Member,House Committee,HSAS,1,,
Person,Sam Graves,Member,House Committee,HSAS,1,,
Person,Ryan K. Zinke,Member,House Committee,HSAS,1,,
Person,Elise M. Stefanik,Member,House Committee,HSAS,1,,
Person,Martha McSally,Member,House Committee,HSAS,1,,
Person,Stephen Knight,Member,House Committee,HSAS,1,,
Person,Thomas MacArthur,Member,House Committee,HSAS,1,,
Person,Steve Russell,Member,House Committee,HSAS,1,,
Person,Adam Smith,Member,House Committee,HSAS,1,,
Person,Robert A. Brady,Member,House Committee,HSAS,1,,
Person,Susan A. Davis,Member,House Committee,HSAS,1,,
Person,James R. Langevin,Member,House Committee,HSAS,1,,
Person,Rick Larsen,Member,House Committee,HSAS,1,,
Person,Jim Cooper,Member,House Committee,HSAS,1,,
Person,Madeleine Z. Bordallo,Member,House Committee,HSAS,1,,
Person,Joe Courtney,Member,House Committee,HSAS,1,,
Person,Niki Tsongas,Member,House Committee,HSAS,1,,
Person,John Garamendi,Member,House Committee,HSAS,1,,
Person,"Henry C. ""Hank"" Johnson Jr.",Member,House Committee,HSAS,1,,
Person,Jackie Speier,Member,House Committee,HSAS,1,,
Person,Tammy Duckworth,Member,House Committee,HSAS,1,,
Person,Scott H. Peters,Member,House Committee,HSAS,1,,
Person,Marc A. Veasey,Member,House Committee,HSAS,1,,
Person,Tulsi Gabbard,Member,House Committee,HSAS,1,,
Person,Timothy J. Walz,Member,House Committee,HSAS,1,,
Person,Beto O'Rourke,Member,House Committee,HSAS,1,,
Person,Donald Norcross,Member,House Committee,HSAS,1,,
Person,Ruben Gallego,Member,House Committee,HSAS,1,,
Person,Seth Moulton,Member,House Committee,HSAS,1,,
Person,Pete Aguilar,Member,House Committee,HSAS,1,,
Person,Jeb Hensarling,Member,House Committee,HSBA,1,,
Person,Peter T. King,Member,House Committee,HSBA,1,,
Person,Edward R. Royce,Member,House Committee,HSBA,1,,
Person,Frank D. Lucas,Member,House Committee,HSBA,1,,
Person,Patrick T. McHenry,Member,House Committee,HSBA,1,,
Person,Stevan Pearce,Member,House Committee,HSBA,1,,
Person,Bill Posey,Member,House Committee,HSBA,1,,
Person,Blaine Luetkemeyer,Member,House Committee,HSBA,1,,
Person,Bill Huizenga,Member,House Committee,HSBA,1,,
Person,Sean P. Duffy,Member,House Committee,HSBA,1,,
Person,Steve Stivers,Member,House Committee,HSBA,1,,
Person,Mick Mulvaney,Member,House Committee,HSBA,1,,
Person,Randy Hultgren,Member,House Committee,HSBA,1,,
Person,Dennis A. Ross,Member,House Committee,HSBA,1,,
Person,Robert Pittenger,Member,House Committee,HSBA,1,,
Person,Ann Wagner,Member,House Committee,HSBA,1,,
Person,Andy Barr,Member,House Committee,HSBA,1,,
Person,Keith J. Rothfus,Member,House Committee,HSBA,1,,
Person,Luke Messer,Member,House Committee,HSBA,1,,
Person,David Schweikert,Member,House Committee,HSBA,1,,
Person,Scott R. Tipton,Member,House Committee,HSBA,1,,
Person,Roger Williams,Member,House Committee,HSBA,1,,
Person,Bruce Poliquin,Member,House Committee,HSBA,1,,
Person,Mia B. Love,Member,House Committee,HSBA,1,,
Person,J. French Hill,Member,House Committee,HSBA,1,,
Person,Tom Emmer,Member,House Committee,HSBA,1,,
Person,Maxine Waters,Member,House Committee,HSBA,1,,
Person,Carolyn B. Maloney,Member,House Committee,HSBA,1,,
Person,Nydia M. Velázquez,Member,House Committee,HSBA,1,,
Person,Brad Sherman,Member,House Committee,HSBA,1,,
Person,Gregory W. Meeks,Member,House Committee,HSBA,1,,
Person,Michael E. Capuano,Member,House Committee,HSBA,1,,
Person,Wm. Lacy Clay,Member,House Committee,HSBA,1,,
Person,Stephen F. Lynch,Member,House Committee,HSBA,1,,
Person,David Scott,Member,House Committee,HSBA,1,,
Person,Al Green,Member,House Committee,HSBA,1,,
Person,Emanuel Cleaver,Member,House Committee,HSBA,1,,
Person,Gwen Moore,Member,House Committee,HSBA,1,,
Person,Keith Ellison,Member,House Committee,HSBA,1,,
Person,Ed Perlmutter,Member,House Committee,HSBA,1,,
Person,James A. Himes,Member,House Committee,HSBA,1,,
Person,Terri A. Sewell,Member,House Committee,HSBA,1,,
Person,Bill Foster,Member,House Committee,HSBA,1,,
Person,Daniel T. Kildee,Member,House Committee,HSBA,1,,
Person,John K. Delaney,Member,House Committee,HSBA,1,,
Person,Kyrsten Sinema,Member,House Committee,HSBA,1,,
Person,Joyce Beatty,Member,House Committee,HSBA,1,,
Person,Denny Heck,Member,House Committee,HSBA,1,,
Person,Juan Vargas,Member,House Committee,HSBA,1,,
Person,Tom Price,Member,House Committee,HSBU,1,,
Person,Mario Diaz-Balart,Member,House Committee,HSBU,1,,
Person,Tom Cole,Member,House Committee,HSBU,1,,
Person,Tom McClintock,Member,House Committee,HSBU,1,,
Person,Diane Black,Member,House Committee,HSBU,1,,
Person,Todd Rokita,Member,House Committee,HSBU,1,,
Person,Rob Woodall,Member,House Committee,HSBU,1,,
Person,Vicky Hartzler,Member,House Committee,HSBU,1,,
Person,Mark Sanford,Member,House Committee,HSBU,1,,
Person,Steve Womack,Member,House Committee,HSBU,1,,
Person,Dave Brat,Member,House Committee,HSBU,1,,
Person,Rod Blum,Member,House Committee,HSBU,1,,
Person,Alexander X. Mooney,Member,House Committee,HSBU,1,,
Person,Glenn Grothman,Member,House Committee,HSBU,1,,
Person,Gary J. Palmer,Member,House Committee,HSBU,1,,
Person,John R. Moolenaar,Member,House Committee,HSBU,1,,
Person,Bruce Westerman,Member,House Committee,HSBU,1,,
Person,James B. Renacci,Member,House Committee,HSBU,1,,
Person,Bill Johnson,Member,House Committee,HSBU,1,,
Person,Chris Van Hollen,Member,House Committee,HSBU,1,,
Person,John A. Yarmuth,Member,House Committee,HSBU,1,,
Person,Bill Pascrell Jr.,Member,House Committee,HSBU,1,,
Person,Tim Ryan,Member,House Committee,HSBU,1,,
Person,Gwen Moore,Member,House Committee,HSBU,1,,
Person,Kathy Castor,Member,House Committee,HSBU,1,,
Person,Barbara Lee,Member,House Committee,HSBU,1,,
Person,Mark Pocan,Member,House Committee,HSBU,1,,
Person,Michelle Lujan Grisham,Member,House Committee,HSBU,1,,
Person,Debbie Dingell,Member,House Committee,HSBU,1,,
Person,Ted Lieu,Member,House Committee,HSBU,1,,
Person,Donald Norcross,Member,House Committee,HSBU,1,,
Person,Seth Moulton,Member,House Committee,HSBU,1,,
Person,Joe Wilson,Member,House Committee,HSED,1,,
Person,Virginia Foxx,Member,House Committee,HSED,1,,
Person,Duncan Hunter,Member,House Committee,HSED,1,,
Person,David P. Roe,Member,House Committee,HSED,1,,
Person,Glenn Thompson,Member,House Committee,HSED,1,,
Person,Tim Walberg,Member,House Committee,HSED,1,,
Person,Brett Guthrie,Member,House Committee,HSED,1,,
Person,Todd Rokita,Member,House Committee,HSED,1,,
Person,Lou Barletta,Member,House Committee,HSED,1,,
Person,Luke Messer,Member,House Committee,HSED,1,,
Person,Bradley Byrne,Member,House Committee,HSED,1,,
Person,Dave Brat,Member,House Committee,HSED,1,,
Person,"Earl L. ""Buddy"" Carter",Member,House Committee,HSED,1,,
Person,Mike Bishop,Member,House Committee,HSED,1,,
Person,Glenn Grothman,Member,House Committee,HSED,1,,
Person,Steve Russell,Member,House Committee,HSED,1,,
Person,Carlos Curbelo,Member,House Committee,HSED,1,,
Person,Elise M. Stefanik,Member,House Committee,HSED,1,,
Person,Rick W. Allen,Member,House Committee,HSED,1,,
Person,"Robert C. ""Bobby"" Scott",Member,House Committee,HSED,1,,
Person,Susan A. Davis,Member,House Committee,HSED,1,,
Person,Raúl M. Grijalva,Member,House Committee,HSED,1,,
Person,Joe Courtney,Member,House Committee,HSED,1,,
Person,Marcia L. Fudge,Member,House Committee,HSED,1,,
Person,Jared Polis,Member,House Committee,HSED,1,,
Person,Gregorio Kilili Camacho Sablan,Member,House Committee,HSED,1,,
Person,Frederica S. Wilson,Member,House Committee,HSED,1,,
Person,Suzanne Bonamici,Member,House Committee,HSED,1,,
Person,Mark Pocan,Member,House Committee,HSED,1,,
Person,Mark Takano,Member,House Committee,HSED,1,,
Person,Hakeem S. Jeffries,Member,House Committee,HSED,1,,
Person,Katherine M. Clark,Member,House Committee,HSED,1,,
Person,Alma S. Adams,Member,House Committee,HSED,1,,
Person,Mark DeSaulnier,Member,House Committee,HSED,1,,
Person,Edward R. Royce,Member,House Committee,HSFA,1,,
Person,Christopher H. Smith,Member,House Committee,HSFA,1,,
Person,Ileana Ros-Lehtinen,Member,House Committee,HSFA,1,,
Person,Dana Rohrabacher,Member,House Committee,HSFA,1,,
Person,Steve Chabot,Member,House Committee,HSFA,1,,
Person,Joe Wilson,Member,House Committee,HSFA,1,,
Person,Michael T. McCaul,Member,House Committee,HSFA,1,,
Person,Ted Poe,Member,House Committee,HSFA,1,,
Person,Darrell E. Issa,Member,House Committee,HSFA,1,,
Person,Tom Marino,Member,House Committee,HSFA,1,,
Person,Jeff Duncan,Member,House Committee,HSFA,1,,
Person,Mo Brooks,Member,House Committee,HSFA,1,,
Person,Paul Cook,Member,House Committee,HSFA,1,,
Person,Randy K. Weber Sr.,Member,House Committee,HSFA,1,,
Person,Scott Perry,Member,House Committee,HSFA,1,,
Person,Ron DeSantis,Member,House Committee,HSFA,1,,
Person,Mark Meadows,Member,House Committee,HSFA,1,,
Person,Ted S. Yoho,Member,House Committee,HSFA,1,,
Person,Scott DesJarlais,Member,House Committee,HSFA,1,,
Person,David A. Trott,Member,House Committee,HSFA,1,,
Person,Lee M. Zeldin,Member,House Committee,HSFA,1,,
Person,Daniel M. Donovan Jr.,Member,House Committee,HSFA,1,,
Person,Eliot L. Engel,Member,House Committee,HSFA,1,,
Person,Brad Sherman,Member,House Committee,HSFA,1,,
Person,Gregory W. Meeks,Member,House Committee,HSFA,1,,
Person,Albio Sires,Member,House Committee,HSFA,1,,
Person,Gerald E. Connolly,Member,House Committee,HSFA,1,,
Person,Theodore E. Deutch,Member,House Committee,HSFA,1,,
Person,Brian Higgins,Member,House Committee,HSFA,1,,
Person,Karen Bass,Member,House Committee,HSFA,1,,
Person,William R. Keating,Member,House Committee,HSFA,1,,
Person,David N. Cicilline,Member,House Committee,HSFA,1,,
Person,Ami Bera,Member,House Committee,HSFA,1,,
Person,Alan S. Lowenthal,Member,House Committee,HSFA,1,,
Person,Grace Meng,Member,House Committee,HSFA,1,,
Person,Lois Frankel,Member,House Committee,HSFA,1,,
Person,Tulsi Gabbard,Member,House Committee,HSFA,1,,
Person,Joaquin Castro,Member,House Committee,HSFA,1,,
Person,Robin L. Kelly,Member,House Committee,HSFA,1,,
Person,Brendan F. Boyle,Member,House Committee,HSFA,1,,
Person,Jason Chaffetz,Member,House Committee,HSGO,1,,
Person,Michael R. Turner,Member,House Committee,HSGO,1,,
Person,John J. Duncan Jr.,Member,House Committee,HSGO,1,,
Person,Jim Jordan,Member,House Committee,HSGO,1,,
Person,Tim Walberg,Member,House Committee,HSGO,1,,
Person,Justin Amash,Member,House Committee,HSGO,1,,
Person,Paul A. Gosar,Member,House Committee,HSGO,1,,
Person,Scott DesJarlais,Member,House Committee,HSGO,1,,
Person,Trey Gowdy,Member,House Committee,HSGO,1,,
Person,Blake Farenthold,Member,House Committee,HSGO,1,,
Person,Thomas Massie,Member,House Committee,HSGO,1,,
Person,Mark Meadows,Member,House Committee,HSGO,1,,
Person,Ron DeSantis,Member,House Committee,HSGO,1,,
Person,Mick Mulvaney,Member,House Committee,HSGO,1,,
Person,Ken Buck,Member,House Committee,HSGO,1,,
Person,Mark Walker,Member,House Committee,HSGO,1,,
Person,Rod Blum,Member,House Committee,HSGO,1,,
Person,Jody B. Hice,Member,House Committee,HSGO,1,,
Person,Steve Russell,Member,House Committee,HSGO,1,,
Person,"Earl L. ""Buddy"" Carter",Member,House Committee,HSGO,1,,
Person,Glenn Grothman,Member,House Committee,HSGO,1,,
Person,Will Hurd,Member,House Committee,HSGO,1,,
Person,Gary J. Palmer,Member,House Committee,HSGO,1,,
Person,Elijah E. Cummings,Member,House Committee,HSGO,1,,
Person,Carolyn B. Maloney,Member,House Committee,HSGO,1,,
Person,Eleanor Holmes Norton,Member,House Committee,HSGO,1,,
Person,Wm. Lacy Clay,Member,House Committee,HSGO,1,,
Person,Stephen F. Lynch,Member,House Committee,HSGO,1,,
Person,Jim Cooper,Member,House Committee,HSGO,1,,
Person,Gerald E. Connolly,Member,House Committee,HSGO,1,,
Person,Tammy Duckworth,Member,House Committee,HSGO,1,,
Person,Robin L. Kelly,Member,House Committee,HSGO,1,,
Person,Brenda L. Lawrence,Member,House Committee,HSGO,1,,
Person,Ted Lieu,Member,House Committee,HSGO,1,,
Person,Bonnie Watson Coleman,Member,House Committee,HSGO,1,,
Person,Stacey E. Plaskett,Member,House Committee,HSGO,1,,
Person,Mark DeSaulnier,Member,House Committee,HSGO,1,,
Person,Brendan F. Boyle,Member,House Committee,HSGO,1,,
Person,Peter Welch,Member,House Committee,HSGO,1,,
Person,Michelle Lujan Grisham,Member,House Committee,HSGO,1,,
Person,Gregg Harper,Member,House Committee,HSHA,1,,
Person,Rodney Davis,Member,House Committee,HSHA,1,,
Person,Barbara Comstock,Member,House Committee,HSHA,1,,
Person,Mark Walker,Member,House Committee,HSHA,1,,
Person,Robert A. Brady,Member,House Committee,HSHA,1,,
Person,Zoe Lofgren,Member,House Committee,HSHA,1,,
Person,Juan Vargas,Member,House Committee,HSHA,1,,
Person,Michael T. McCaul,Member,House Committee,HSHM,1,,
Person,Lamar Smith,Member,House Committee,HSHM,1,,
Person,Peter T. King,Member,House Committee,HSHM,1,,
Person,Mike Rogers,Member,House Committee,HSHM,1,,
Person,Jeff Duncan,Member,House Committee,HSHM,1,,
Person,Tom Marino,Member,House Committee,HSHM,1,,
Person,Lou Barletta,Member,House Committee,HSHM,1,,
Person,Scott Perry,Member,House Committee,HSHM,1,,
Person,John Katko,Member,House Committee,HSHM,1,,
Person,Will Hurd,Member,House Committee,HSHM,1,,
Person,"Earl L. ""Buddy"" Carter",Member,House Committee,HSHM,1,,
Person,Mark Walker,Member,House Committee,HSHM,1,,
Person,Barry Loudermilk,Member,House Committee,HSHM,1,,
Person,Martha McSally,Member,House Committee,HSHM,1,,
Person,John Ratcliffe,Member,House Committee,HSHM,1,,
Person,Daniel M. Donovan Jr.,Member,House Committee,HSHM,1,,
Person,Bennie G. Thompson,Member,House Committee,HSHM,1,,
Person,Sheila Jackson Lee,Member,House Committee,HSHM,1,,
Person,James R. Langevin,Member,House Committee,HSHM,1,,
Person,Brian Higgins,Member,House Committee,HSHM,1,,
Person,Cedric L. Richmond,Member,House Committee,HSHM,1,,
Person,William R. Keating,Member,House Committee,HSHM,1,,
Person,Donald M. Payne Jr.,Member,House Committee,HSHM,1,,
Person,Filemon Vela,Member,House Committee,HSHM,1,,
Person,Bonnie Watson Coleman,Member,House Committee,HSHM,1,,
Person,Kathleen M. Rice,Member,House Committee,HSHM,1,,
Person,Norma J. Torres,Member,House Committee,HSHM,1,,
Person,Fred Upton,Member,House Committee,HSIF,1,,
Person,Joe Barton,Member,House Committee,HSIF,1,,
Person,John Shimkus,Member,House Committee,HSIF,1,,
Person,Greg Walden,Member,House Committee,HSIF,1,,
Person,Tim Murphy,Member,House Committee,HSIF,1,,
Person,Michael C. Burgess,Member,House Committee,HSIF,1,,
Person,Marsha Blackburn,Member,House Committee,HSIF,1,,
Person,Steve Scalise,Member,House Committee,HSIF,1,,
Person,Robert E. Latta,Member,House Committee,HSIF,1,,
Person,Cathy McMorris Rodgers,Member,House Committee,HSIF,1,,
Person,Gregg Harper,Member,House Committee,HSIF,1,,
Person,Leonard Lance,Member,House Committee,HSIF,1,,
Person,Brett Guthrie,Member,House Committee,HSIF,1,,
Person,Pete Olson,Member,House Committee,HSIF,1,,
Person,David B. McKinley,Member,House Committee,HSIF,1,,
Person,Mike Pompeo,Member,House Committee,HSIF,1,,
Person,Adam Kinzinger,Member,House Committee,HSIF,1,,
Person,H. Morgan Griffith,Member,House Committee,HSIF,1,,
Person,Gus M. Bilirakis,Member,House Committee,HSIF,1,,
Person,Bill Johnson,Member,House Committee,HSIF,1,,
Person,Billy Long,Member,House Committee,HSIF,1,,
Person,Larry Bucshon,Member,House Committee,HSIF,1,,
Person,Bill Flores,Member,House Committee,HSIF,1,,
Person,Susan W. Brooks,Member,House Committee,HSIF,1,,
Person,Markwayne Mullin,Member,House Committee,HSIF,1,,
Person,Richard Hudson,Member,House Committee,HSIF,1,,
Person,Chris Collins,Member,House Committee,HSIF,1,,
Person,Kevin Cramer,Member,House Committee,HSIF,1,,
Person,Frank Pallone Jr.,Member,House Committee,HSIF,1,,
Person,Bobby L. Rush,Member,House Committee,HSIF,1,,
Person,Anna G. Eshoo,Member,House Committee,HSIF,1,,
Person,Eliot L. Engel,Member,House Committee,HSIF,1,,
Person,Gene Green,Member,House Committee,HSIF,1,,
Person,Diana DeGette,Member,House Committee,HSIF,1,,
Person,Michael F. Doyle,Member,House Committee,HSIF,1,,
Person,Janice D. Schakowsky,Member,House Committee,HSIF,1,,
Person,G. K. Butterfield,Member,House Committee,HSIF,1,,
Person,Doris O. Matsui,Member,House Committee,HSIF,1,,
Person,Kathy Castor,Member,House Committee,HSIF,1,,
Person,John P. Sarbanes,Member,House Committee,HSIF,1,,
Person,Jerry McNerney,Member,House Committee,HSIF,1,,
Person,Peter Welch,Member,House Committee,HSIF,1,,
Person,Ben Ray Luján,Member,House Committee,HSIF,1,,
Person,Paul Tonko,Member,House Committee,HSIF,1,,
Person,John A. Yarmuth,Member,House Committee,HSIF,1,,
Person,Yvette D. Clarke,Member,House Committee,HSIF,1,,
Person,David Loebsack,Member,House Committee,HSIF,1,,
Person,Kurt Schrader,Member,House Committee,HSIF,1,,
Person,Joseph P. Kennedy III,Member,House Committee,HSIF,1,,
Person,Tony Cárdenas,Member,House Committee,HSIF,1,,
Person,Rob Bishop,Member,House Committee,HSII,1,,
Person,Don Young,Member,House Committee,HSII,1,,
Person,Louie Gohmert,Member,House Committee,HSII,1,,
Person,Doug Lamborn,Member,House Committee,HSII,1,,
Person,Robert J. Wittman,Member,House Committee,HSII,1,,
Person,Tom McClintock,Member,House Committee,HSII,1,,
Person,Glenn Thompson,Member,House Committee,HSII,1,,
Person,Jeff Duncan,Member,House Committee,HSII,1,,
Person,Paul A. Gosar,Member,House Committee,HSII,1,,
Person,Raúl R. Labrador,Member,House Committee,HSII,1,,
Person,Doug LaMalfa,Member,House Committee,HSII,1,,
Person,Jeff Denham,Member,House Committee,HSII,1,,
Person,Paul Cook,Member,House Committee,HSII,1,,
Person,Bruce Westerman,Member,House Committee,HSII,1,,
Person,Garret Graves,Member,House Committee,HSII,1,,
Person,Dan Newhouse,Member,House Committee,HSII,1,,
Person,Ryan K. Zinke,Member,House Committee,HSII,1,,
Person,Jody B. Hice,Member,House Committee,HSII,1,,
Person,Aumua Amata Coleman Radewagen,Member,House Committee,HSII,1,,
Person,Thomas MacArthur,Member,House Committee,HSII,1,,
Person,Alexander X. Mooney,Member,House Committee,HSII,1,,
Person,Darin LaHood,Member,House Committee,HSII,1,,
Person,Raúl M. Grijalva,Member,House Committee,HSII,1,,
Person,Grace F. Napolitano,Member,House Committee,HSII,1,,
Person,Madeleine Z. Bordallo,Member,House Committee,HSII,1,,
Person,Jim Costa,Member,House Committee,HSII,1,,
Person,Gregorio Kilili Camacho Sablan,Member,House Committee,HSII,1,,
Person,Niki Tsongas,Member,House Committee,HSII,1,,
Person,Jared Huffman,Member,House Committee,HSII,1,,
Person,Raul Ruiz,Member,House Committee,HSII,1,,
Person,Alan S. Lowenthal,Member,House Committee,HSII,1,,
Person,Donald S. Beyer Jr.,Member,House Committee,HSII,1,,
Person,Norma J. Torres,Member,House Committee,HSII,1,,
Person,Debbie Dingell,Member,House Committee,HSII,1,,
Person,Ruben Gallego,Member,House Committee,HSII,1,,
Person,Jared Polis,Member,House Committee,HSII,1,,
Person,Wm. Lacy Clay,Member,House Committee,HSII,1,,
Person,Bob Goodlatte,Member,House Committee,HSJU,1,,
Person,F. James Sensenbrenner Jr.,Member,House Committee,HSJU,1,,
Person,Lamar Smith,Member,House Committee,HSJU,1,,
Person,Steve Chabot,Member,House Committee,HSJU,1,,
Person,Darrell E. Issa,Member,House Committee,HSJU,1,,
Person,Steve King,Member,House Committee,HSJU,1,,
Person,Trent Franks,Member,House Committee,HSJU,1,,
Person,Louie Gohmert,Member,House Committee,HSJU,1,,
Person,Jim Jordan,Member,House Committee,HSJU,1,,
Person,Ted Poe,Member,House Committee,HSJU,1,,
Person,Jason Chaffetz,Member,House Committee,HSJU,1,,
Person,Tom Marino,Member,House Committee,HSJU,1,,
Person,Trey Gowdy,Member,House Committee,HSJU,1,,
Person,Raúl R. Labrador,Member,House Committee,HSJU,1,,
Person,Blake Farenthold,Member,House Committee,HSJU,1,,
Person,Doug Collins,Member,House Committee,HSJU,1,,
Person,Ron DeSantis,Member,House Committee,HSJU,1,,
Person,Mimi Walters,Member,House Committee,HSJU,1,,
Person,Ken Buck,Member,House Committee,HSJU,1,,
Person,John Ratcliffe,Member,House Committee,HSJU,1,,
Person,David A. Trott,Member,House Committee,HSJU,1,,
Person,Mike Bishop,Member,House Committee,HSJU,1,,
Person,John Conyers Jr.,Member,House Committee,HSJU,1,,
Person,Jerrold Nadler,Member,House Committee,HSJU,1,,
Person,Zoe Lofgren,Member,House Committee,HSJU,1,,
Person,Sheila Jackson Lee,Member,House Committee,HSJU,1,,
Person,Steve Cohen,Member,House Committee,HSJU,1,,
Person,"Henry C. ""Hank"" Johnson Jr.",Member,House Committee,HSJU,1,,
Person,Judy Chu,Member,House Committee,HSJU,1,,
Person,Theodore E. Deutch,Member,House Committee,HSJU,1,,
Person,Luis V. Gutiérrez,Member,House Committee,HSJU,1,,
Person,Karen Bass,Member,House Committee,HSJU,1,,
Person,Cedric L. Richmond,Member,House Committee,HSJU,1,,
Person,Suzan K. DelBene,Member,House Committee,HSJU,1,,
Person,Hakeem S. Jeffries,Member,House Committee,HSJU,1,,
Person,David N. Cicilline,Member,House Committee,HSJU,1,,
Person,Scott H. Peters,Member,House Committee,HSJU,1,,
Person,Bill Shuster,Member,House Committee,HSPW,1,,
Person,Don Young,Member,House Committee,HSPW,1,,
Person,John J. Duncan Jr.,Member,House Committee,HSPW,1,,
Person,Frank A. LoBiondo,Member,House Committee,HSPW,1,,
Person,Sam Graves,Member,House Committee,HSPW,1,,
Person,Duncan Hunter,Member,House Committee,HSPW,1,,
Person,"Eric A. ""Rick"" Crawford",Member,House Committee,HSPW,1,,
Person,Lou Barletta,Member,House Committee,HSPW,1,,
Person,Blake Farenthold,Member,House Committee,HSPW,1,,
Person,Bob Gibbs,Member,House Committee,HSPW,1,,
Person,Daniel Webster,Member,House Committee,HSPW,1,,
Person,Jeff Denham,Member,House Committee,HSPW,1,,
Person,Thomas Massie,Member,House Committee,HSPW,1,,
Person,Mark Meadows,Member,House Committee,HSPW,1,,
Person,Scott Perry,Member,House Committee,HSPW,1,,
Person,Rodney Davis,Member,House Committee,HSPW,1,,
Person,Mark Sanford,Member,House Committee,HSPW,1,,
Person,Rob Woodall,Member,House Committee,HSPW,1,,
Person,Todd Rokita,Member,House Committee,HSPW,1,,
Person,John Katko,Member,House Committee,HSPW,1,,
Person,Brian Babin,Member,House Committee,HSPW,1,,
Person,Ryan A. Costello,Member,House Committee,HSPW,1,,
Person,Garret Graves,Member,House Committee,HSPW,1,,
Person,Mimi Walters,Member,House Committee,HSPW,1,,
Person,Barbara Comstock,Member,House Committee,HSPW,1,,
Person,Carlos Curbelo,Member,House Committee,HSPW,1,,
Person,David Rouzer,Member,House Committee,HSPW,1,,
Person,Lee M. Zeldin,Member,House Committee,HSPW,1,,
Person,Mike Bost,Member,House Committee,HSPW,1,,
Person,Peter A. DeFazio,Member,House Committee,HSPW,1,,
Person,Eleanor Holmes Norton,Member,House Committee,HSPW,1,,
Person,Jerrold Nadler,Member,House Committee,HSPW,1,,
Person,Eddie Bernice Johnson,Member,House Committee,HSPW,1,,
Person,Elijah E. Cummings,Member,House Committee,HSPW,1,,
Person,Rick Larsen,Member,House Committee,HSPW,1,,
Person,Michael E. Capuano,Member,House Committee,HSPW,1,,
Person,Grace F. Napolitano,Member,House Committee,HSPW,1,,
Person,Daniel Lipinski,Member,House Committee,HSPW,1,,
Person,Steve Cohen,Member,House Committee,HSPW,1,,
Person,Albio Sires,Member,House Committee,HSPW,1,,
Person,John Garamendi,Member,House Committee,HSPW,1,,
Person,André Carson,Member,House Committee,HSPW,1,,
Person,Richard M. Nolan,Member,House Committee,HSPW,1,,
Person,Dina Titus,Member,House Committee,HSPW,1,,
Person,Sean Patrick Maloney,Member,House Committee,HSPW,1,,
Person,Elizabeth H. Esty,Member,House Committee,HSPW,1,,
Person,Lois Frankel,Member,House Committee,HSPW,1,,
Person,Cheri Bustos,Member,House Committee,HSPW,1,,
Person,Jared Huffman,Member,House Committee,HSPW,1,,
Person,Julia Brownley,Member,House Committee,HSPW,1,,
Person,Pete Sessions,Member,House Committee,HSRU,1,,
Person,Virginia Foxx,Member,House Committee,HSRU,1,,
Person,Tom Cole,Member,House Committee,HSRU,1,,
Person,Rob Woodall,Member,House Committee,HSRU,1,,
Person,Michael C. Burgess,Member,House Committee,HSRU,1,,
Person,Steve Stivers,Member,House Committee,HSRU,1,,
Person,Doug Collins,Member,House Committee,HSRU,1,,
Person,Bradley Byrne,Member,House Committee,HSRU,1,,
Person,Dan Newhouse,Member,House Committee,HSRU,1,,
Person,Louise McIntosh Slaughter,Member,House Committee,HSRU,1,,
Person,James P. McGovern,Member,House Committee,HSRU,1,,
Person,Alcee L. Hastings,Member,House Committee,HSRU,1,,
Person,Jared Polis,Member,House Committee,HSRU,1,,
Person,Steve Chabot,Member,House Committee,HSSM,1,,
Person,Steve King,Member,House Committee,HSSM,1,,
Person,Blaine Luetkemeyer,Member,House Committee,HSSM,1,,
Person,Dave Brat,Member,House Committee,HSSM,1,,
Person,Aumua Amata Coleman Radewagen,Member,House Committee,HSSM,1,,
Person,Stephen Knight,Member,House Committee,HSSM,1,,
Person,Carlos Curbelo,Member,House Committee,HSSM,1,,
Person,Trent Kelly,Member,House Committee,HSSM,1,,
Person,Warren Davidson,Member,House Committee,HSSM,1,,
Person,Nydia M. Velázquez,Member,House Committee,HSSM,1,,
Person,Judy Chu,Member,House Committee,HSSM,1,,
Person,Donald M. Payne Jr.,Member,House Committee,HSSM,1,,
Person,Grace Meng,Member,House Committee,HSSM,1,,
Person,Brenda L. Lawrence,Member,House Committee,HSSM,1,,
Person,Yvette D. Clarke,Member,House Committee,HSSM,1,,
Person,Alma S. Adams,Member,House Committee,HSSM,1,,
Person,Seth Moulton,Member,House Committee,HSSM,1,,
Person,Charles W. Dent,Member,House Committee,HSSO,1,,
Person,Patrick Meehan,Member,House Committee,HSSO,1,,
Person,Trey Gowdy,Member,House Committee,HSSO,1,,
Person,Susan W. Brooks,Member,House Committee,HSSO,1,,
Person,Kenny Marchant,Member,House Committee,HSSO,1,,
Person,Linda T. Sánchez,Member,House Committee,HSSO,1,,
Person,Michael E. Capuano,Member,House Committee,HSSO,1,,
Person,Yvette D. Clarke,Member,House Committee,HSSO,1,,
Person,Theodore E. Deutch,Member,House Committee,HSSO,1,,
Person,John B. Larson,Member,House Committee,HSSO,1,,
Person,Lamar Smith,Member,House Committee,HSSY,1,,
Person,F. James Sensenbrenner Jr.,Member,House Committee,HSSY,1,,
Person,Dana Rohrabacher,Member,House Committee,HSSY,1,,
Person,Frank D. Lucas,Member,House Committee,HSSY,1,,
Person,Michael T. McCaul,Member,House Committee,HSSY,1,,
Person,Mo Brooks,Member,House Committee,HSSY,1,,
Person,Randy Hultgren,Member,House Committee,HSSY,1,,
Person,Bill Posey,Member,House Committee,HSSY,1,,
Person,Thomas Massie,Member,House Committee,HSSY,1,,
Person,Jim Bridenstine,Member,House Committee,HSSY,1,,
Person,Randy K. Weber Sr.,Member,House Committee,HSSY,1,,
Person,John R. Moolenaar,Member,House Committee,HSSY,1,,
Person,Stephen Knight,Member,House Committee,HSSY,1,,
Person,Brian Babin,Member,House Committee,HSSY,1,,
Person,Bruce Westerman,Member,House Committee,HSSY,1,,
Person,Barbara Comstock,Member,House Committee,HSSY,1,,
Person,Gary J. Palmer,Member,House Committee,HSSY,1,,
Person,Barry Loudermilk,Member,House Committee,HSSY,1,,
Person,Ralph Lee Abraham,Member,House Committee,HSSY,1,,
Person,Darin LaHood,Member,House Committee,HSSY,1,,
Person,Warren Davidson,Member,House Committee,HSSY,1,,
Person,Eddie Bernice Johnson,Member,House Committee,HSSY,1,,
Person,Zoe Lofgren,Member,House Committee,HSSY,1,,
Person,Daniel Lipinski,Member,House Committee,HSSY,1,,
Person,Suzanne Bonamici,Member,House Committee,HSSY,1,,
Person,Eric Swalwell,Member,House Committee,HSSY,1,,
Person,Ami Bera,Member,House Committee,HSSY,1,,
Person,Elizabeth H. Esty,Member,House Committee,HSSY,1,,
Person,Marc A. Veasey,Member,House Committee,HSSY,1,,
Person,Katherine M. Clark,Member,House Committee,HSSY,1,,
Person,Donald S. Beyer Jr.,Member,House Committee,HSSY,1,,
Person,Ed Perlmutter,Member,House Committee,HSSY,1,,
Person,Paul Tonko,Member,House Committee,HSSY,1,,
Person,Mark Takano,Member,House Committee,HSSY,1,,
Person,Bill Foster,Member,House Committee,HSSY,1,,
Person,Doug Lamborn,Member,House Committee,HSVR,1,,
Person,Gus M. Bilirakis,Member,House Committee,HSVR,1,,
Person,David P. Roe,Member,House Committee,HSVR,1,,
Person,Mike Coffman,Member,House Committee,HSVR,1,,
Person,Brad R. Wenstrup,Member,House Committee,HSVR,1,,
Person,Jackie Walorski,Member,House Committee,HSVR,1,,
Person,Ralph Lee Abraham,Member,House Committee,HSVR,1,,
Person,Lee M. Zeldin,Member,House Committee,HSVR,1,,
Person,Ryan A. Costello,Member,House Committee,HSVR,1,,
Person,Aumua Amata Coleman Radewagen,Member,House Committee,HSVR,1,,
Person,Mike Bost,Member,House Committee,HSVR,1,,
Person,Mark Takano,Member,House Committee,HSVR,1,,
Person,Julia Brownley,Member,House Committee,HSVR,1,,
Person,Dina Titus,Member,House Committee,HSVR,1,,
Person,Raul Ruiz,Member,House Committee,HSVR,1,,
Person,Ann M. Kuster,Member,House Committee,HSVR,1,,
Person,Beto O'Rourke,Member,House Committee,HSVR,1,,
Person,Kathleen M. Rice,Member,House Committee,HSVR,1,,
Person,Timothy J. Walz,Member,House Committee,HSVR,1,,
Person,Jerry McNerney,Member,House Committee,HSVR,1,,
Person,Kevin Brady,Member,House Committee,HSWM,1,,
Person,Sam Johnson,Member,House Committee,HSWM,1,,
Person,Devin Nunes,Member,House Committee,HSWM,1,,
Person,Patrick J. Tiberi,Member,House Committee,HSWM,1,,
Person,David G. Reichert,Member,House Committee,HSWM,1,,
Person,Peter J. Roskam,Member,House Committee,HSWM,1,,
Person,Tom Price,Member,House Committee,HSWM,1,,
Person,Vern Buchanan,Member,House Committee,HSWM,1,,
Person,Adrian Smith,Member,House Committee,HSWM,1,,
Person,Lynn Jenkins,Member,House Committee,HSWM,1,,
Person,Erik Paulsen,Member,House Committee,HSWM,1,,
Person,Kenny Marchant,Member,House Committee,HSWM,1,,
Person,Diane Black,Member,House Committee,HSWM,1,,
Person,Tom Reed,Member,House Committee,HSWM,1,,
Person,Todd C. Young,Member,House Committee,HSWM,1,,
Person,Mike Kelly,Member,House Committee,HSWM,1,,
Person,James B. Renacci,Member,House Committee,HSWM,1,,
Person,Patrick Meehan,Member,House Committee,HSWM,1,,
Person,Kristi L. Noem,Member,House Committee,HSWM,1,,
Person,George Holding,Member,House Committee,HSWM,1,,
Person,Jason Smith,Member,House Committee,HSWM,1,,
Person,Tom Rice,Member,House Committee,HSWM,1,,
Person,Sander M. Levin,Member,House Committee,HSWM,1,,
Person,John Lewis,Member,House Committee,HSWM,1,,
Person,Richard E. Neal,Member,House Committee,HSWM,1,,
Person,Xavier Becerra,Member,House Committee,HSWM,1,,
Person,Lloyd Doggett,Member,House Committee,HSWM,1,,
Person,Mike Thompson,Member,House Committee,HSWM,1,,
Person,John B. Larson,Member,House Committee,HSWM,1,,
Person,Earl Blumenauer,Member,House Committee,HSWM,1,,
Person,Ron Kind,Member,House Committee,HSWM,1,,
Person,Bill Pascrell Jr.,Member,House Committee,HSWM,1,,
Person,Joseph Crowley,Member,House Committee,HSWM,1,,
Person,Danny K. Davis,Member,House Committee,HSWM,1,,
Person,Linda T. Sánchez,Member,House Committee,HSWM,1,,
Person,Roger F. Wicker,Member,Joint Committee,JCSE,1,,
Person,Richard Burr,Member,Joint Committee,JCSE,1,,
Person,John Boozman,Member,Joint Committee,JCSE,1,,
Person,Benjamin L. Cardin,Member,Joint Committee,JCSE,1,,
Person,Sheldon Whitehouse,Member,Joint Committee,JCSE,1,,
Person,Tom Udall,Member,Joint Committee,JCSE,1,,
Person,Jeanne Shaheen,Member,Joint Committee,JCSE,1,,
Person,Christopher H. Smith,Member,Joint Committee,JCSE,1,,
Person,Robert Aderholt,Member,Joint Committee,JCSE,1,,
Person,Michael C. Burgess,Member,Joint Committee,JCSE,1,,
Person,Alcee L. Hastings,Member,Joint Committee,JCSE,1,,
Person,Louise McIntosh Slaughter,Member,Joint Committee,JCSE,1,,
Person,Steve Cohen,Member,Joint Committee,JCSE,1,,
Person,Mike Lee,Member,Joint Committee,JSEC,1,,
Person,Tom Cotton,Member,Joint Committee,JSEC,1,,
Person,Ben Sasse,Member,Joint Committee,JSEC,1,,
Person,Ted Cruz,Member,Joint Committee,JSEC,1,,
Person,Bill Cassidy,Member,Joint Committee,JSEC,1,,
Person,Amy Klobuchar,Member,Joint Committee,JSEC,1,,
Person,"Robert P. Casey, Jr.",Member,Joint Committee,JSEC,1,,
Person,Martin Heinrich,Member,Joint Committee,JSEC,1,,
Person,Gary C. Peters,Member,Joint Committee,JSEC,1,,
Person,Kevin Brady,Member,Joint Committee,JSEC,1,,
Person,Sean P. Duffy,Member,Joint Committee,JSEC,1,,
Person,Justin Amash,Member,Joint Committee,JSEC,1,,
Person,Erik Paulsen,Member,Joint Committee,JSEC,1,,
Person,Carolyn B. Maloney,Member,Joint Committee,JSEC,1,,
Person,Elijah E. Cummings,Member,Joint Committee,JSEC,1,,
Person,John K. Delaney,Member,Joint Committee,JSEC,1,,
Person,Roy Blunt,Member,Joint Committee,JSLC,1,,
Person,Pat Roberts,Member,Joint Committee,JSLC,1,,
Person,Shelley Moore Capito,Member,Joint Committee,JSLC,1,,
Person,Charles E. Schumer,Member,Joint Committee,JSLC,1,,
Person,Patrick J. Leahy,Member,Joint Committee,JSLC,1,,
Person,Gregg Harper,Member,Joint Committee,JSLC,1,,
Person,Tom Cole,Member,Joint Committee,JSLC,1,,
Person,Robert A. Brady,Member,Joint Committee,JSLC,1,,
Person,Zoe Lofgren,Member,Joint Committee,JSLC,1,,
Person,Roy Blunt,Member,Joint Committee,JSPR,1,,
Person,Pat Roberts,Member,Joint Committee,JSPR,1,,
Person,John Boozman,Member,Joint Committee,JSPR,1,,
Person,Charles E. Schumer,Member,Joint Committee,JSPR,1,,
Person,Tom Udall,Member,Joint Committee,JSPR,1,,
Person,Gregg Harper,Member,Joint Committee,JSPR,1,,
Person,Robert A. Brady,Member,Joint Committee,JSPR,1,,
Person,Juan Vargas,Member,Joint Committee,JSPR,1,,
Person,Orrin G. Hatch,Member,Joint Committee,JSTX,1,,
Person,Chuck Grassley,Member,Joint Committee,JSTX,1,,
Person,Mike Crapo,Member,Joint Committee,JSTX,1,,
Person,Ron Wyden,Member,Joint Committee,JSTX,1,,
Person,Debbie Stabenow,Member,Joint Committee,JSTX,1,,
Person,Paul Ryan,Member,Joint Committee,JSTX,1,,
Person,Sam Johnson,Member,Joint Committee,JSTX,1,,
Person,Kevin Brady,Member,Joint Committee,JSTX,1,,
Person,Sander Levin,Member,Joint Committee,JSTX,1,,
Person,Chuck Grassley,Member,Senate Committee,SCNC,1,,
Person,John Cornyn,Member,Senate Committee,SCNC,1,,
Person,James E. Risch,Member,Senate Committee,SCNC,1,,
Person,Jeff Sessions,Member,Senate Committee,SCNC,1,,
Person,Dianne Feinstein,Member,Senate Committee,SCNC,1,,
Person,Charles E. Schumer,Member,Senate Committee,SCNC,1,,
Person,Sheldon Whitehouse,Member,Senate Committee,SCNC,1,,
Person,Johnny Isakson,Member,Senate Committee,SLET,1,,
Person,Pat Roberts,Member,Senate Committee,SLET,1,,
Person,James E. Risch,Member,Senate Committee,SLET,1,,
Person,Christopher A. Coons,Member,Senate Committee,SLET,1,,
Person,Brian Schatz,Member,Senate Committee,SLET,1,,
Person,John Barrasso,Member,Senate Committee,SLIA,1,,
Person,John McCain,Member,Senate Committee,SLIA,1,,
Person,Lisa Murkowski,Member,Senate Committee,SLIA,1,,
Person,John Hoeven,Member,Senate Committee,SLIA,1,,
Person,James Lankford,Member,Senate Committee,SLIA,1,,
Person,Steve Daines,Member,Senate Committee,SLIA,1,,
Person,Mike Crapo,Member,Senate Committee,SLIA,1,,
Person,Jerry Moran,Member,Senate Committee,SLIA,1,,
Person,Jon Tester,Member,Senate Committee,SLIA,1,,
Person,Maria Cantwell,Member,Senate Committee,SLIA,1,,
Person,Tom Udall,Member,Senate Committee,SLIA,1,,
Person,Al Franken,Member,Senate Committee,SLIA,1,,
Person,Brian Schatz,Member,Senate Committee,SLIA,1,,
Person,Heidi Heitkamp,Member,Senate Committee,SLIA,1,,
Person,Richard Burr,Member,Senate Committee,SLIN,1,,
Person,James E. Risch,Member,Senate Committee,SLIN,1,,
Person,Marco Rubio,Member,Senate Committee,SLIN,1,,
Person,Susan M. Collins,Member,Senate Committee,SLIN,1,,
Person,Roy Blunt,Member,Senate Committee,SLIN,1,,
Person,James Lankford,Member,Senate Committee,SLIN,1,,
Person,Tom Cotton,Member,Senate Committee,SLIN,1,,
Person,Mitch McConnell,Member,Senate Committee,SLIN,1,,
Person,John McCain,Member,Senate Committee,SLIN,1,,
Person,Dianne Feinstein,Member,Senate Committee,SLIN,1,,
Person,Ron Wyden,Member,Senate Committee,SLIN,1,,
Person,Mark R. Warner,Member,Senate Committee,SLIN,1,,
Person,Martin Heinrich,Member,Senate Committee,SLIN,1,,
Person,"Angus S. King, Jr.",Member,Senate Committee,SLIN,1,,
Person,Mazie K. Hirono,Member,Senate Committee,SLIN,1,,
Person,Jack Reed,Member,Senate Committee,SLIN,1,,
Person,Susan M. Collins,Member,Senate Committee,SPAG,1,,
Person,Orrin G. Hatch,Member,Senate Committee,SPAG,1,,
Person,Jeff Flake,Member,Senate Committee,SPAG,1,,
Person,Tim Scott,Member,Senate Committee,SPAG,1,,
Person,Bob Corker,Member,Senate Committee,SPAG,1,,
Person,Dean Heller,Member,Senate Committee,SPAG,1,,
Person,Tom Cotton,Member,Senate Committee,SPAG,1,,
Person,David Perdue,Member,Senate Committee,SPAG,1,,
Person,Thom Tillis,Member,Senate Committee,SPAG,1,,
Person,Ben Sasse,Member,Senate Committee,SPAG,1,,
Person,Claire McCaskill,Member,Senate Committee,SPAG,1,,
Person,Bill Nelson,Member,Senate Committee,SPAG,1,,
Person,"Robert P. Casey, Jr.",Member,Senate Committee,SPAG,1,,
Person,Sheldon Whitehouse,Member,Senate Committee,SPAG,1,,
Person,Kirsten E. Gillibrand,Member,Senate Committee,SPAG,1,,
Person,Richard Blumenthal,Member,Senate Committee,SPAG,1,,
Person,Joe Donnelly,Member,Senate Committee,SPAG,1,,
Person,Elizabeth Warren,Member,Senate Committee,SPAG,1,,
Person,Tim Kaine,Member,Senate Committee,SPAG,1,,
Person,Pat Roberts,Member,Senate Committee,SSAF,1,,
Person,Thad Cochran,Member,Senate Committee,SSAF,1,,
Person,Mitch McConnell,Member,Senate Committee,SSAF,1,,
Person,John Boozman,Member,Senate Committee,SSAF,1,,
Person,John Hoeven,Member,Senate Committee,SSAF,1,,
Person,David Perdue,Member,Senate Committee,SSAF,1,,
Person,Joni Ernst,Member,Senate Committee,SSAF,1,,
Person,Thom Tillis,Member,Senate Committee,SSAF,1,,
Person,Ben Sasse,Member,Senate Committee,SSAF,1,,
Person,Chuck Grassley,Member,Senate Committee,SSAF,1,,
Person,John Thune,Member,Senate Committee,SSAF,1,,
Person,Debbie Stabenow,Member,Senate Committee,SSAF,1,,
Person,Patrick J. Leahy,Member,Senate Committee,SSAF,1,,
Person,Sherrod Brown,Member,Senate Committee,SSAF,1,,
Person,Amy Klobuchar,Member,Senate Committee,SSAF,1,,
Person,Michael F. Bennet,Member,Senate Committee,SSAF,1,,
Person,Kirsten E. Gillibrand,Member,Senate Committee,SSAF,1,,
Person,Joe Donnelly,Member,Senate Committee,SSAF,1,,
Person,Heidi Heitkamp,Member,Senate Committee,SSAF,1,,
Person,"Robert P. Casey, Jr.",Member,Senate Committee,SSAF,1,,
Person,Thad Cochran,Member,Senate Committee,SSAP,1,,
Person,Mitch McConnell,Member,Senate Committee,SSAP,1,,
Person,Richard C. Shelby,Member,Senate Committee,SSAP,1,,
Person,Lamar Alexander,Member,Senate Committee,SSAP,1,,
Person,Susan M. Collins,Member,Senate Committee,SSAP,1,,
Person,Lisa Murkowski,Member,Senate Committee,SSAP,1,,
Person,Lindsey Graham,Member,Senate Committee,SSAP,1,,
Person,Roy Blunt,Member,Senate Committee,SSAP,1,,
Person,Jerry Moran,Member,Senate Committee,SSAP,1,,
Person,John Hoeven,Member,Senate Committee,SSAP,1,,
Person,John Boozman,Member,Senate Committee,SSAP,1,,
Person,Shelley Moore Capito,Member,Senate Committee,SSAP,1,,
Person,Bill Cassidy,Member,Senate Committee,SSAP,1,,
Person,James Lankford,Member,Senate Committee,SSAP,1,,
Person,Steve Daines,Member,Senate Committee,SSAP,1,,
Person,Patrick J. Leahy,Member,Senate Committee,SSAP,1,,
Person,Patty Murray,Member,Senate Committee,SSAP,1,,
Person,Dianne Feinstein,Member,Senate Committee,SSAP,1,,
Person,Richard J. Durbin,Member,Senate Committee,SSAP,1,,
Person,Jack Reed,Member,Senate Committee,SSAP,1,,
Person,Jon Tester,Member,Senate Committee,SSAP,1,,
Person,Tom Udall,Member,Senate Committee,SSAP,1,,
Person,Jeanne Shaheen,Member,Senate Committee,SSAP,1,,
Person,Jeff Merkley,Member,Senate Committee,SSAP,1,,
Person,Christopher A. Coons,Member,Senate Committee,SSAP,1,,
Person,Brian Schatz,Member,Senate Committee,SSAP,1,,
Person,Tammy Baldwin,Member,Senate Committee,SSAP,1,,
Person,Christopher Murphy,Member,Senate Committee,SSAP,1,,
Person,John McCain,Member,Senate Committee,SSAS,1,,
Person,James M. Inhofe,Member,Senate Committee,SSAS,1,,
Person,Jeff Sessions,Member,Senate Committee,SSAS,1,,
Person,Roger F. Wicker,Member,Senate Committee,SSAS,1,,
Person,Deb Fischer,Member,Senate Committee,SSAS,1,,
Person,Tom Cotton,Member,Senate Committee,SSAS,1,,
Person,Mike Rounds,Member,Senate Committee,SSAS,1,,
Person,Joni Ernst,Member,Senate Committee,SSAS,1,,
Person,Thom Tillis,Member,Senate Committee,SSAS,1,,
Person,Daniel Sullivan,Member,Senate Committee,SSAS,1,,
Person,Mike Lee,Member,Senate Committee,SSAS,1,,
Person,Lindsey Graham,Member,Senate Committee,SSAS,1,,
Person,Ted Cruz,Member,Senate Committee,SSAS,1,,
Person,Jack Reed,Member,Senate Committee,SSAS,1,,
Person,Bill Nelson,Member,Senate Committee,SSAS,1,,
Person,Claire McCaskill,Member,Senate Committee,SSAS,1,,
Person,"Joe Manchin, III",Member,Senate Committee,SSAS,1,,
Person,Jeanne Shaheen,Member,Senate Committee,SSAS,1,,
Person,Kirsten E. Gillibrand,Member,Senate Committee,SSAS,1,,
Person,Richard Blumenthal,Member,Senate Committee,SSAS,1,,
Person,Joe Donnelly,Member,Senate Committee,SSAS,1,,
Person,Mazie K. Hirono,Member,Senate Committee,SSAS,1,,
Person,Tim Kaine,Member,Senate Committee,SSAS,1,,
Person,"Angus S. King, Jr.",Member,Senate Committee,SSAS,1,,
Person,Martin Heinrich,Member,Senate Committee,SSAS,1,,
Person,Richard C. Shelby,Member,Senate Committee,SSBK,1,,
Person,Mike Crapo,Member,Senate Committee,SSBK,1,,
Person,Bob Corker,Member,Senate Committee,SSBK,1,,
Person,Patrick J. Toomey,Member,Senate Committee,SSBK,1,,
Person,Dean Heller,Member,Senate Committee,SSBK,1,,
Person,Tim Scott,Member,Senate Committee,SSBK,1,,
Person,Ben Sasse,Member,Senate Committee,SSBK,1,,
Person,Tom Cotton,Member,Senate Committee,SSBK,1,,
Person,Mike Rounds,Member,Senate Committee,SSBK,1,,
Person,Jerry Moran,Member,Senate Committee,SSBK,1,,
Person,Sherrod Brown,Member,Senate Committee,SSBK,1,,
Person,Jack Reed,Member,Senate Committee,SSBK,1,,
Person,Charles E. Schumer,Member,Senate Committee,SSBK,1,,
Person,Robert Menendez,Member,Senate Committee,SSBK,1,,
Person,Jon Tester,Member,Senate Committee,SSBK,1,,
Person,Mark R. Warner,Member,Senate Committee,SSBK,1,,
Person,Jeff Merkley,Member,Senate Committee,SSBK,1,,
Person,Elizabeth Warren,Member,Senate Committee,SSBK,1,,
Person,Heidi Heitkamp,Member,Senate Committee,SSBK,1,,
Person,Joe Donnelly,Member,Senate Committee,SSBK,1,,
Person,Michael B. Enzi,Member,Senate Committee,SSBU,1,,
Person,Chuck Grassley,Member,Senate Committee,SSBU,1,,
Person,Jeff Sessions,Member,Senate Committee,SSBU,1,,
Person,Mike Crapo,Member,Senate Committee,SSBU,1,,
Person,Lindsey Graham,Member,Senate Committee,SSBU,1,,
Person,Rob Portman,Member,Senate Committee,SSBU,1,,
Person,Patrick J. Toomey,Member,Senate Committee,SSBU,1,,
Person,Ron Johnson,Member,Senate Committee,SSBU,1,,
Person,Roger F. Wicker,Member,Senate Committee,SSBU,1,,
Person,Bob Corker,Member,Senate Committee,SSBU,1,,
Person,David Perdue,Member,Senate Committee,SSBU,1,,
Person,Bernard Sanders,Member,Senate Committee,SSBU,1,,
Person,Patty Murray,Member,Senate Committee,SSBU,1,,
Person,Ron Wyden,Member,Senate Committee,SSBU,1,,
Person,Debbie Stabenow,Member,Senate Committee,SSBU,1,,
Person,Sheldon Whitehouse,Member,Senate Committee,SSBU,1,,
Person,Mark R. Warner,Member,Senate Committee,SSBU,1,,
Person,Jeff Merkley,Member,Senate Committee,SSBU,1,,
Person,Tammy Baldwin,Member,Senate Committee,SSBU,1,,
Person,Tim Kaine,Member,Senate Committee,SSBU,1,,
Person,"Angus S. King, Jr.",Member,Senate Committee,SSBU,1,,
Person,John Thune,Member,Senate Committee,SSCM,1,,
Person,Roger F. Wicker,Member,Senate Committee,SSCM,1,,
Person,Roy Blunt,Member,Senate Committee,SSCM,1,,
Person,Marco Rubio,Member,Senate Committee,SSCM,1,,
Person,Ted Cruz,Member,Senate Committee,SSCM,1,,
Person,Deb Fischer,Member,Senate Committee,SSCM,1,,
Person,Jerry Moran,Member,Senate Committee,SSCM,1,,
Person,Daniel Sullivan,Member,Senate Committee,SSCM,1,,
Person,Ron Johnson,Member,Senate Committee,SSCM,1,,
Person,Dean Heller,Member,Senate Committee,SSCM,1,,
Person,Cory Gardner,Member,Senate Committee,SSCM,1,,
Person,Steve Daines,Member,Senate Committee,SSCM,1,,
Person,Bill Nelson,Member,Senate Committee,SSCM,1,,
Person,Maria Cantwell,Member,Senate Committee,SSCM,1,,
Person,Claire McCaskill,Member,Senate Committee,SSCM,1,,
Person,Amy Klobuchar,Member,Senate Committee,SSCM,1,,
Person,Richard Blumenthal,Member,Senate Committee,SSCM,1,,
Person,Brian Schatz,Member,Senate Committee,SSCM,1,,
Person,Edward J. Markey,Member,Senate Committee,SSCM,1,,
Person,Cory A. Booker,Member,Senate Committee,SSCM,1,,
Person,Tom Udall,Member,Senate Committee,SSCM,1,,
Person,"Joe Manchin, III",Member,Senate Committee,SSCM,1,,
Person,Gary C. Peters,Member,Senate Committee,SSCM,1,,
Person,Lisa Murkowski,Member,Senate Committee,SSEG,1,,
Person,John Barrasso,Member,Senate Committee,SSEG,1,,
Person,James E. Risch,Member,Senate Committee,SSEG,1,,
Person,Mike Lee,Member,Senate Committee,SSEG,1,,
Person,Jeff Flake,Member,Senate Committee,SSEG,1,,
Person,Steve Daines,Member,Senate Committee,SSEG,1,,
Person,Bill Cassidy,Member,Senate Committee,SSEG,1,,
Person,Cory Gardner,Member,Senate Committee,SSEG,1,,
Person,Rob Portman,Member,Senate Committee,SSEG,1,,
Person,John Hoeven,Member,Senate Committee,SSEG,1,,
Person,Lamar Alexander,Member,Senate Committee,SSEG,1,,
Person,Shelley Moore Capito,Member,Senate Committee,SSEG,1,,
Person,Maria Cantwell,Member,Senate Committee,SSEG,1,,
Person,Ron Wyden,Member,Senate Committee,SSEG,1,,
Person,Bernard Sanders,Member,Senate Committee,SSEG,1,,
Person,Debbie Stabenow,Member,Senate Committee,SSEG,1,,
Person,Al Franken,Member,Senate Committee,SSEG,1,,
Person,"Joe Manchin, III",Member,Senate Committee,SSEG,1,,
Person,Martin Heinrich,Member,Senate Committee,SSEG,1,,
Person,Mazie K. Hirono,Member,Senate Committee,SSEG,1,,
Person,"Angus S. King, Jr.",Member,Senate Committee,SSEG,1,,
Person,Elizabeth Warren,Member,Senate Committee,SSEG,1,,
Person,James M. Inhofe,Member,Senate Committee,SSEV,1,,
Person,John Barrasso,Member,Senate Committee,SSEV,1,,
Person,Shelley Moore Capito,Member,Senate Committee,SSEV,1,,
Person,Mike Crapo,Member,Senate Committee,SSEV,1,,
Person,John Boozman,Member,Senate Committee,SSEV,1,,
Person,Jeff Sessions,Member,Senate Committee,SSEV,1,,
Person,Roger F. Wicker,Member,Senate Committee,SSEV,1,,
Person,Deb Fischer,Member,Senate Committee,SSEV,1,,
Person,Mike Rounds,Member,Senate Committee,SSEV,1,,
Person,Daniel Sullivan,Member,Senate Committee,SSEV,1,,
Person,Thomas R. Carper,Member,Senate Committee,SSEV,1,,
Person,Benjamin L. Cardin,Member,Senate Committee,SSEV,1,,
Person,Bernard Sanders,Member,Senate Committee,SSEV,1,,
Person,Sheldon Whitehouse,Member,Senate Committee,SSEV,1,,
Person,Jeff Merkley,Member,Senate Committee,SSEV,1,,
Person,Kirsten E. Gillibrand,Member,Senate Committee,SSEV,1,,
Person,Cory A. Booker,Member,Senate Committee,SSEV,1,,
Person,Edward J. Markey,Member,Senate Committee,SSEV,1,,
Person,Orrin G. Hatch,Member,Senate Committee,SSFI,1,,
Person,Chuck Grassley,Member,Senate Committee,SSFI,1,,
Person,Mike Crapo,Member,Senate Committee,SSFI,1,,
Person,Pat Roberts,Member,Senate Committee,SSFI,1,,
Person,Michael B. Enzi,Member,Senate Committee,SSFI,1,,
Person,John Cornyn,Member,Senate Committee,SSFI,1,,
Person,John Thune,Member,Senate Committee,SSFI,1,,
Person,Richard Burr,Member,Senate Committee,SSFI,1,,
Person,Johnny Isakson,Member,Senate Committee,SSFI,1,,
Person,Rob Portman,Member,Senate Committee,SSFI,1,,
Person,Patrick J. Toomey,Member,Senate Committee,SSFI,1,,
Person,Dean Heller,Member,Senate Committee,SSFI,1,,
Person,Tim Scott,Member,Senate Committee,SSFI,1,,
Person,Ron Wyden,Member,Senate Committee,SSFI,1,,
Person,Charles E. Schumer,Member,Senate Committee,SSFI,1,,
Person,Debbie Stabenow,Member,Senate Committee,SSFI,1,,
Person,Maria Cantwell,Member,Senate Committee,SSFI,1,,
Person,Bill Nelson,Member,Senate Committee,SSFI,1,,
Person,Robert Menendez,Member,Senate Committee,SSFI,1,,
Person,Thomas R. Carper,Member,Senate Committee,SSFI,1,,
Person,Benjamin L. Cardin,Member,Senate Committee,SSFI,1,,
Person,Sherrod Brown,Member,Senate Committee,SSFI,1,,
Person,Michael F. Bennet,Member,Senate Committee,SSFI,1,,
Person,"Robert P. Casey, Jr.",Member,Senate Committee,SSFI,1,,
Person,Mark R. Warner,Member,Senate Committee,SSFI,1,,
Person,Bob Corker,Member,Senate Committee,SSFR,1,,
Person,James E. Risch,Member,Senate Committee,SSFR,1,,
Person,Marco Rubio,Member,Senate Committee,SSFR,1,,
Person,Ron Johnson,Member,Senate Committee,SSFR,1,,
Person,Jeff Flake,Member,Senate Committee,SSFR,1,,
Person,Cory Gardner,Member,Senate Committee,SSFR,1,,
Person,David Perdue,Member,Senate Committee,SSFR,1,,
Person,Johnny Isakson,Member,Senate Committee,SSFR,1,,
Person,Rand Paul,Member,Senate Committee,SSFR,1,,
Person,John Barrasso,Member,Senate Committee,SSFR,1,,
Person,Benjamin L. Cardin,Member,Senate Committee,SSFR,1,,
Person,Robert Menendez,Member,Senate Committee,SSFR,1,,
Person,Jeanne Shaheen,Member,Senate Committee,SSFR,1,,
Person,Christopher A. Coons,Member,Senate Committee,SSFR,1,,
Person,Tom Udall,Member,Senate Committee,SSFR,1,,
Person,Christopher Murphy,Member,Senate Committee,SSFR,1,,
Person,Tim Kaine,Member,Senate Committee,SSFR,1,,
Person,Edward J. Markey,Member,Senate Committee,SSFR,1,,
Person,Ron Johnson,Member,Senate Committee,SSGA,1,,
Person,John McCain,Member,Senate Committee,SSGA,1,,
Person,Rob Portman,Member,Senate Committee,SSGA,1,,
Person,Rand Paul,Member,Senate Committee,SSGA,1,,
Person,James Lankford,Member,Senate Committee,SSGA,1,,
Person,Michael B. Enzi,Member,Senate Committee,SSGA,1,,
Person,Joni Ernst,Member,Senate Committee,SSGA,1,,
Person,Ben Sasse,Member,Senate Committee,SSGA,1,,
Person,Thomas R. Carper,Member,Senate Committee,SSGA,1,,
Person,Claire McCaskill,Member,Senate Committee,SSGA,1,,
Person,Jon Tester,Member,Senate Committee,SSGA,1,,
Person,Tammy Baldwin,Member,Senate Committee,SSGA,1,,
Person,Heidi Heitkamp,Member,Senate Committee,SSGA,1,,
Person,Cory A. Booker,Member,Senate Committee,SSGA,1,,
Person,Gary C. Peters,Member,Senate Committee,SSGA,1,,
Person,Lamar Alexander,Member,Senate Committee,SSHR,1,,
Person,Michael B. Enzi,Member,Senate Committee,SSHR,1,,
Person,Richard Burr,Member,Senate Committee,SSHR,1,,
Person,Johnny Isakson,Member,Senate Committee,SSHR,1,,
Person,Rand Paul,Member,Senate Committee,SSHR,1,,
Person,Susan M. Collins,Member,Senate Committee,SSHR,1,,
Person,Lisa Murkowski,Member,Senate Committee,SSHR,1,,
Person,Tim Scott,Member,Senate Committee,SSHR,1,,
Person,Orrin G. Hatch,Member,Senate Committee,SSHR,1,,
Person,Pat Roberts,Member,Senate Committee,SSHR,1,,
Person,Bill Cassidy,Member,Senate Committee,SSHR,1,,
Person,Patty Murray,Member,Senate Committee,SSHR,1,,
Person,Bernard Sanders,Member,Senate Committee,SSHR,1,,
Person,"Robert P. Casey, Jr.",Member,Senate Committee,SSHR,1,,
Person,Al Franken,Member,Senate Committee,SSHR,1,,
Person,Michael F. Bennet,Member,Senate Committee,SSHR,1,,
Person,Sheldon Whitehouse,Member,Senate Committee,SSHR,1,,
Person,Tammy Baldwin,Member,Senate Committee,SSHR,1,,
Person,Christopher Murphy,Member,Senate Committee,SSHR,1,,
Person,Elizabeth Warren,Member,Senate Committee,SSHR,1,,
Person,Chuck Grassley,Member,Senate Committee,SSJU,1,,
Person,Orrin G. Hatch,Member,Senate Committee,SSJU,1,,
Person,Jeff Sessions,Member,Senate Committee,SSJU,1,,
Person,Lindsey Graham,Member,Senate Committee,SSJU,1,,
Person,John Cornyn,Member,Senate Committee,SSJU,1,,
Person,Mike Lee,Member,Senate Committee,SSJU,1,,
Person,Ted Cruz,Member,Senate Committee,SSJU,1,,
Person,Jeff Flake,Member,Senate Committee,SSJU,1,,
Person,David Perdue,Member,Senate Committee,SSJU,1,,
Person,Thom Tillis,Member,Senate Committee,SSJU,1,,
Person,Patrick J. Leahy,Member,Senate Committee,SSJU,1,,
Person,Dianne Feinstein,Member,Senate Committee,SSJU,1,,
Person,Charles E. Schumer,Member,Senate Committee,SSJU,1,,
Person,Richard J. Durbin,Member,Senate Committee,SSJU,1,,
Person,Sheldon Whitehouse,Member,Senate Committee,SSJU,1,,
Person,Amy Klobuchar,Member,Senate Committee,SSJU,1,,
Person,Al Franken,Member,Senate Committee,SSJU,1,,
Person,Christopher A. Coons,Member,Senate Committee,SSJU,1,,
Person,Richard Blumenthal,Member,Senate Committee,SSJU,1,,
Person,Roy Blunt,Member,Senate Committee,SSRA,1,,
Person,Lamar Alexander,Member,Senate Committee,SSRA,1,,
Person,Mitch McConnell,Member,Senate Committee,SSRA,1,,
Person,Thad Cochran,Member,Senate Committee,SSRA,1,,
Person,Pat Roberts,Member,Senate Committee,SSRA,1,,
Person,Richard C. Shelby,Member,Senate Committee,SSRA,1,,
Person,Ted Cruz,Member,Senate Committee,SSRA,1,,
Person,Shelley Moore Capito,Member,Senate Committee,SSRA,1,,
Person,John Boozman,Member,Senate Committee,SSRA,1,,
Person,Roger F. Wicker,Member,Senate Committee,SSRA,1,,
Person,Charles E. Schumer,Member,Senate Committee,SSRA,1,,
Person,Dianne Feinstein,Member,Senate Committee,SSRA,1,,
Person,Richard J. Durbin,Member,Senate Committee,SSRA,1,,
Person,Tom Udall,Member,Senate Committee,SSRA,1,,
Person,Mark R. Warner,Member,Senate Committee,SSRA,1,,
Person,Patrick J. Leahy,Member,Senate Committee,SSRA,1,,
Person,Amy Klobuchar,Member,Senate Committee,SSRA,1,,
Person,"Angus S. King, Jr.",Member,Senate Committee,SSRA,1,,
Person,James E. Risch,Member,Senate Committee,SSSB,1,,
Person,Marco Rubio,Member,Senate Committee,SSSB,1,,
Person,Rand Paul,Member,Senate Committee,SSSB,1,,
Person,Tim Scott,Member,Senate Committee,SSSB,1,,
Person,Deb Fischer,Member,Senate Committee,SSSB,1,,
Person,Cory Gardner,Member,Senate Committee,SSSB,1,,
Person,Joni Ernst,Member,Senate Committee,SSSB,1,,
Person,Michael B. Enzi,Member,Senate Committee,SSSB,1,,
Person,Jeanne Shaheen,Member,Senate Committee,SSSB,1,,
Person,Maria Cantwell,Member,Senate Committee,SSSB,1,,
Person,Benjamin L. Cardin,Member,Senate Committee,SSSB,1,,
Person,Heidi Heitkamp,Member,Senate Committee,SSSB,1,,
Person,Edward J. Markey,Member,Senate Committee,SSSB,1,,
Person,Cory A. Booker,Member,Senate Committee,SSSB,1,,
Person,Christopher A. Coons,Member,Senate Committee,SSSB,1,,
Person,Mazie K. Hirono,Member,Senate Committee,SSSB,1,,
Person,Gary C. Peters,Member,Senate Committee,SSSB,1,,
Person,Johnny Isakson,Member,Senate Committee,SSVA,1,,
Person,Jerry Moran,Member,Senate Committee,SSVA,1,,
Person,John Boozman,Member,Senate Committee,SSVA,1,,
Person,Dean Heller,Member,Senate Committee,SSVA,1,,
Person,Bill Cassidy,Member,Senate Committee,SSVA,1,,
Person,Mike Rounds,Member,Senate Committee,SSVA,1,,
Person,Thom Tillis,Member,Senate Committee,SSVA,1,,
Person,Daniel Sullivan,Member,Senate Committee,SSVA,1,,
Person,Richard Blumenthal,Member,Senate Committee,SSVA,1,,
Person,Patty Murray,Member,Senate Committee,SSVA,1,,
Person,Bernard Sanders,Member,Senate Committee,SSVA,1,,
Person,Sherrod Brown,Member,Senate Committee,SSVA,1,,
Person,Jon Tester,Member,Senate Committee,SSVA,1,,
Person,Mazie K. Hirono,Member,Senate Committee,SSVA,1,,
Person,"Joe Manchin, III",Member,Senate Committee,SSVA,1,,
Person,Donald J Trump,Founded,Nonprofit,Trump Foundation,1,,
Nonprofit,Trump Foundation,Pays,Person,Pam Bondi,1,,
Person,Pam Bondi,Employed by,Government Organization,Florida Attorney General,1,,
Government Organization,Florida Attorney General,Regulatory Action,Private Sector Company,Trump University,1,,
Private Sector Company,Trump University,Owned by,Person,Donald J Trump,1,,
Person,Donald J Trump,Married,Person,Ivana Trump,,,
Person,Donald J Trump,Married,Person,Melania Trump,,,
Person,Donald J Trump,Married,Person,Marla Maples,,,
Person,Jared Kushner,Married,Person,Ivanka Trump,,,
Person,Wilbur Ross,Married,Person,Betsy McCaughey,,,
Person,Betsy DeVos,Married,Person,Dick DeVos,,,
Person,Rick Perry,Married,Person,Anita Thigpen Perry,,,
Person,Ben Carson,Married,Person,Candy Carson,,,
Person,Nikki Haley,Married,Person,Michael Haley,,,
Person,Elaine Chao,Married,Person,Mitch McConnell,,,
Person,Linda McMahon,Married,Person,Vince McMahon,,,
Person,Sherrod Brown,Married,Person,Connie Schultz,,,
Person,Dianne Feinstein,Married,Person,Richard C. Blum,,,
Person,Amy Klobuchar,Married,Person,John Bessler,,,
Person,Bernard Sanders,Married,Person,Jane O'Meara Sanders,,,
Person,Mitch McConnell,Married,Person,Elaine Chao,,,
Person,Mitch McConnell,Married,Person,Sherrill Redmon,,,
Person,"Joe Manchin, III",Married,Person,Gayle Conelly Manchin,,,
Person,Elijah E. Cummings,Married,Person,Maya Rockeymoore,,,
Person,Sean P. Duffy,Married,Person,Rachel Campos-Duffy,,,
Person,Peter T. King,Married,Person,Rosemary Wiedl King,,,
Person,Carolyn B. Maloney,Married,Person,Clifton Maloney,,,
Person,John McCain,Married,Person,Cindy McCain,,,
Person,John McCain,Married,Person,Carol McCain,,,
Person,Cathy McMorris Rodgers,Married,Person,Brian Rodgers,,,
Person,Rand Paul,Married,Person,Kelley Paul,,,
Person,Nancy Pelosi,Married,Person,Paul Pelosi,,,
Person,Chellie Pingree,Married,Person,Donald Sussman,,,
Person,Marco Rubio,Married,Person,Jeanette Dousdebes Rubio,,,
Person,Paul D. Ryan,Married,Person,Janna Little,,,
Person,Charles E. Schumer,Married,Person,Iris Weinshall,,,
Person,Maxine Waters,Married,Person,Sid Williams,,,
Person,Daniel Webster,Married,Person,Caroline LeRoy,,,
Person,Suzanne Bonamici,Married,Person,Michael H. Simon,,,
Person,Elizabeth H. Esty,Married,Person,Daniel C. Esty,,,
Person,Tulsi Gabbard,Married,Person,Abraham Williams,,,
Person,Elizabeth Warren,Married,Person,Bruce Mann,,,
Person,Elizabeth Warren,Married,Person,Jim Warren,,,
Person,Ted Cruz,Married,Person,Heidi Cruz,,,
Person,Tim Kaine,Married,Person,Anne Holton,,,
Person,Debbie Dingell,Married,Person,"John Dingell, Jr.",,,
Person,"Donald S. Beyer, Jr.",Married,Person,Megan Beyer,,,
Person,Margaret Wood Hassan,Married,Person,Thomas Hassan,,,
Person,Charlie Crist,Married,Person,Carole Crist,,,
Person,A. Donald McEachin,Married,Person,Colette,,,
Person,Donald J Trump,Parent,Person,Ivanka Trump,,,
Person,Donald J Trump,Parent,Person,Donald Trump Jr.,,,
Person,Donald J Trump,Parent,Person,Eric Trump,,,
Person,Donald J Trump,Parent,Person,Tiffany Trump,,,
Person,Donald J Trump,Parent,Person,Barron Trump,,,
Person,Jared Kushner,Parent,Person,Arabella Rose Kushner,,,
Person,Jared Kushner,Parent,Person,Joseph Frederick Kushner,,,
Person,Jared Kushner,Parent,Person,Theodore James Kushner,,,
Person,Carl Icahn,Parent,Person,Brett Icahn,,,
Person,Ben Carson,Parent,Person,Rhoeyce Carson,,,
Person,Ben Carson,Parent,Person,Murray Carson,,,
Person,Ben Carson,Parent,Person,Ben Carson Jr.,,,
Person,Linda McMahon,Parent,Person,Stephanie McMahon,,,
Person,Linda McMahon,Parent,Person,Shane McMahon,,,
Person,Robert Menendez,Parent,Person,Alicia Menendez,,,
Person,"Joe Manchin, III",Parent,Person,Heather Bresch,,,
Person,Roy Blunt,Parent,Person,Matt Blunt,,,
Person,Duncan Hunter,Parent,Person,Duncan D. Hunter,,,
Person,John McCain,Parent,Person,Meghan McCain,,,
Person,John McCain,Parent,Person,James McCain,,,
Person,John McCain,Parent,Person,John Sidney McCain IV,,,
Person,John McCain,Parent,Person,Bridget McCain,,,
Person,Nancy Pelosi,Parent,Person,Alexandra Pelosi,,,
Person,Nancy Pelosi,Parent,Person,Christine Pelosi,,,
Person,Nancy Pelosi,Parent,Person,"Paul Pelosi, Jr.",,,
Person,Daniel Webster,Parent,Person,Fletcher Webster,,,
Person,Paul Cook,Parent,Person,Hollie Cook,,,
Person,Elizabeth Warren,Parent,Person,Amelia Warren Tyagi,,,
Person,Elizabeth Warren,Parent,Person,Alexander Warren,,,
Person,Brian Babin,Parent,Person,Lucas Babin,,,